m0_x,m0_y,m0_z,m1_x,m1_y,m1_z,m2_x,m2_y,m2_z,m3_x,m3_y,m3_z
8.946567535400390403e-02,3.492717590332031219e-01,1.613339355468750069e+00,1.544722290039062529e-01,3.424239807128906521e-01,1.618606567382812500e+00,1.441469268798828141e-01,3.064000854492187620e-01,1.626197143554687585e+00,1.029477005004882789e-01,2.809279785156250098e-01,1.629348388671874925e+00
8.946392822265625266e-02,3.492874755859375346e-01,1.613353149414062493e+00,1.544744415283203220e-01,3.424292297363281112e-01,1.618563232421875053e+00,1.441469573974609453e-01,3.064152221679687371e-01,1.626182373046874963e+00,1.029472503662109406e-01,2.809337158203125129e-01,1.629317993164062450e+00
8.945164489746093572e-02,3.492982177734375027e-01,1.613420898437500028e+00,1.544601745605468646e-01,3.424432067871093777e-01,1.618626586914062582e+00,1.441311035156249976e-01,3.064268798828125306e-01,1.626251586914062575e+00,1.029225616455078096e-01,2.809563293457031374e-01,1.629425781249999927e+00
8.946278381347656794e-02,3.492664489746094003e-01,1.613376342773437555e+00,1.544671325683593666e-01,3.424171142578125160e-01,1.618617675781250043e+00,1.441404418945312627e-01,3.064020080566406401e-01,1.626204467773437523e+00,1.029398193359375019e-01,2.809262695312499947e-01,1.629357666015625039e+00
8.945203399658203935e-02,3.492867736816406277e-01,1.613424316406250059e+00,1.544621124267578083e-01,3.424172363281249853e-01,1.618605957031250098e+00,1.441352996826171795e-01,3.064143371582031539e-01,1.626245605468749966e+00,1.029299545288085982e-01,2.809330139160156059e-01,1.629377929687499948e+00
8.945526123046874944e-02,3.492770385742187678e-01,1.613416381835937496e+00,1.544682464599609339e-01,3.424122924804687829e-01,1.618597778320312486e+00,1.441383972167968874e-01,3.064076232910156183e-01,1.626248535156250119e+00,1.029326400756835902e-01,2.809336547851562504e-01,1.629403686523437589e+00
8.946193695068359319e-02,3.492813110351562500e-01,1.613407226562500130e+00,1.544707641601562598e-01,3.424307861328125258e-01,1.618637573242187599e+00,1.441475677490234308e-01,3.064096984863281525e-01,1.626239135742187480e+00,1.029411926269531291e-01,2.809438171386718919e-01,1.629446289062500108e+00
8.945826721191406372e-02,3.492813415527343812e-01,1.613326049804687523e+00,1.544637908935546922e-01,3.424284973144531286e-01,1.618551391601562583e+00,1.441386718750000129e-01,3.064154663085937313e-01,1.626186889648437495e+00,1.029326934814453198e-01,2.809408569335937744e-01,1.629374389648437615e+00
8.946163177490235041e-02,3.492559814453125022e-01,1.613353637695312592e+00,1.544720306396484277e-01,3.423991088867187615e-01,1.618570312499999941e+00,1.441429595947265607e-01,3.063864746093750147e-01,1.626168579101562539e+00,1.029396133422851578e-01,2.809056396484375107e-01,1.629324462890624936e+00
8.945891571044922719e-02,3.492747497558593706e-01,1.613335815429687514e+00,1.544637298583984297e-01,3.424238891601562584e-01,1.618562988281250004e+00,1.441385345458984502e-01,3.064076538085937496e-01,1.626163940429687482e+00,1.029308013916015591e-01,2.809326477050781423e-01,1.629319946289062626e+00
8.946079254150390847e-02,3.492915344238281539e-01,1.613370727539062521e+00,1.544668884277343723e-01,3.424396667480468781e-01,1.618597656249999961e+00,1.441377868652343741e-01,3.064237060546874947e-01,1.626201904296874945e+00,1.029377059936523453e-01,2.809468994140624787e-01,1.629345825195312569e+00
8.946781921386719183e-02,3.492848205566406183e-01,1.613353881835937642e+00,1.544716949462890676e-01,3.424385375976562451e-01,1.618592163085937452e+00,1.441478271484374907e-01,3.064189147949218928e-01,1.626192993164062628e+00,1.029397506713867205e-01,2.809508056640624973e-01,1.629383300781249932e+00
8.946576690673828380e-02,3.492660522460937500e-01,1.613330810546875105e+00,1.544638061523437578e-01,3.424122619628906516e-01,1.618558105468750119e+00,1.441398162841796837e-01,3.063983764648437469e-01,1.626166381835937536e+00,1.029362716674804695e-01,2.809309387207031272e-01,1.629364746093749927e+00
8.946432495117187522e-02,3.492553710937499889e-01,1.613338256835937568e+00,1.544717712402343679e-01,3.424021911621094039e-01,1.618566650390625083e+00,1.441434173583984457e-01,3.063927917480468999e-01,1.626189331054687548e+00,1.029397048950195376e-01,2.809208984375000107e-01,1.629361572265624947e+00
8.946800994873047030e-02,3.492882690429687798e-01,1.613415161132812470e+00,1.544769287109375167e-01,3.424352722167968710e-01,1.618651977539062425e+00,1.441517486572265749e-01,3.064136047363281157e-01,1.626258544921874938e+00,1.029445037841796862e-01,2.809423217773437398e-01,1.629432861328125037e+00
8.946394348144531827e-02,3.492728576660156237e-01,1.613335205078125112e+00,1.544691162109375071e-01,3.424204406738281525e-01,1.618580932617187607e+00,1.441432800292968830e-01,3.064043884277343754e-01,1.626192993164062628e+00,1.029364242553710979e-01,2.809368591308593621e-01,1.629382446289062480e+00
8.946635437011718484e-02,3.492701416015625004e-01,1.613332519531250009e+00,1.544688720703125129e-01,3.424200439453125022e-01,1.618572265625000117e+00,1.441377868652343741e-01,3.064057312011718714e-01,1.626178222656250005e+00,1.029417953491210957e-01,2.809337463378906441e-01,1.629358032226562614e+00
8.946616363525390636e-02,3.492754516601562775e-01,1.613394287109374936e+00,1.544705047607421999e-01,3.424204406738281525e-01,1.618608520507812454e+00,1.441419219970703214e-01,3.064009094238281383e-01,1.626216918945312617e+00,1.029376831054687469e-01,2.809356079101562598e-01,1.629400878906249961e+00
8.947183990478516091e-02,3.492711181640625329e-01,1.613332641601562534e+00,1.544769439697265545e-01,3.424125976562499840e-01,1.618558837890625046e+00,1.441469726562500109e-01,3.064045715332031072e-01,1.626192138671874954e+00,1.029386444091796859e-01,2.809345703125000204e-01,1.629381469726562504e+00
8.946392059326171986e-02,3.492754821777344088e-01,1.613314453125000103e+00,1.544689483642578132e-01,3.424237365722656579e-01,1.618555419921875016e+00,1.441379394531250024e-01,3.064086914062499889e-01,1.626156249999999970e+00,1.029379730224609379e-01,2.809372253417968812e-01,1.629328369140625066e+00
8.946218872070312023e-02,3.492698669433593750e-01,1.613347534179687459e+00,1.544705047607421999e-01,3.424152221679687691e-01,1.618571044921875091e+00,1.441432342529296862e-01,3.063980102539062833e-01,1.626162109375000053e+00,1.029359588623046939e-01,2.809297485351562318e-01,1.629352905273437457e+00
8.946419525146484530e-02,3.492712402343750022e-01,1.613343627929687552e+00,1.544680938720703056e-01,3.424100952148437793e-01,1.618537475585937635e+00,1.441372985839843857e-01,3.064022827148437655e-01,1.626175537109375124e+00,1.029324111938476616e-01,2.809271850585937647e-01,1.629340332031250060e+00
8.946522521972656572e-02,3.492722778320312416e-01,1.613308471679687495e+00,1.544701385498046808e-01,3.424223022460937682e-01,1.618534667968750007e+00,1.441417999267578243e-01,3.064046936035156321e-01,1.626139282226562566e+00,1.029421844482421855e-01,2.809346618652343586e-01,1.629300781249999996e+00
8.946374511718750699e-02,3.492856750488281259e-01,1.613364990234374963e+00,1.544733428955078203e-01,3.424300537109374876e-01,1.618591918945312624e+00,1.441472167968750051e-01,3.064216613769531472e-01,1.626224365234375080e+00,1.029400024414062476e-01,2.809353332519531343e-01,1.629354370117187534e+00
8.947035217285156938e-02,3.492503356933593928e-01,1.613297119140625124e+00,1.544699707031250147e-01,3.424058837890625040e-01,1.618574096679687546e+00,1.441486968994140638e-01,3.063864440917968834e-01,1.626156494140625020e+00,1.029334945678710977e-01,2.809183959960937504e-01,1.629368286132812482e+00
8.947295379638671442e-02,3.492476196289062695e-01,1.613301391601562607e+00,1.544779968261718872e-01,3.423981323242187846e-01,1.618536376953125133e+00,1.441511535644531272e-01,3.063883361816406303e-01,1.626162597656249931e+00,1.029440155029296838e-01,2.809117736816406086e-01,1.629300415039062644e+00
8.946576690673828380e-02,3.492653808593750298e-01,1.613370361328124947e+00,1.544698791503906210e-01,3.424102172851562487e-01,1.618599243164062562e+00,1.441430206298828232e-01,3.063967895507812567e-01,1.626208007812500078e+00,1.029374313354492199e-01,2.809202880859374973e-01,1.629361572265624947e+00
8.946644592285156461e-02,3.492694396972656490e-01,1.613322143554687615e+00,1.544679260253906394e-01,3.424214782714843919e-01,1.618585571289062441e+00,1.441382598876953247e-01,3.064136657714843781e-01,1.626220825195312525e+00,1.029366149902343763e-01,2.809360046386718546e-01,1.629346923828125071e+00
8.946261596679687400e-02,3.492641601562500031e-01,1.613315917968749957e+00,1.544702606201171780e-01,3.424211120605468728e-01,1.618586303710937591e+00,1.441416320800781303e-01,3.064050598144531512e-01,1.626177124023437504e+00,1.029364166259765651e-01,2.809309997558593897e-01,1.629332885742187598e+00
8.946372222900390858e-02,3.492853698730468692e-01,1.613344848632812578e+00,1.544698181152343863e-01,3.424291076660156419e-01,1.618575317382812573e+00,1.441472320556640707e-01,3.064190368652343621e-01,1.626171264648437642e+00,1.029378814697265582e-01,2.809473266601562602e-01,1.629352661132812630e+00
8.946195983886719161e-02,3.492412109374999907e-01,1.613314819335937456e+00,1.544691619873047039e-01,3.423897399902343652e-01,1.618533325195312456e+00,1.441385650634765536e-01,3.063763732910156357e-01,1.626147827148437530e+00,1.029357528686523499e-01,2.809084167480468963e-01,1.629319702148437576e+00
8.946531677246094549e-02,3.492429504394531370e-01,1.613282836914062601e+00,1.544726867675781379e-01,3.424052734374999907e-01,1.618559326171874924e+00,1.441416168212890647e-01,3.063876647949218546e-01,1.626160522460937452e+00,1.029359283447265627e-01,2.809182739257812811e-01,1.629341552734375087e+00
8.946758270263671653e-02,3.492575378417968612e-01,1.613265258789062573e+00,1.544747009277343819e-01,3.424060668945312358e-01,1.618490478515625108e+00,1.441431732177734515e-01,3.063986206054687411e-01,1.626113281250000098e+00,1.029342193603515615e-01,2.809220581054687749e-01,1.629272705078125050e+00
8.947421264648437733e-02,3.492756958007812718e-01,1.613305175781249989e+00,1.544809875488281359e-01,3.424171142578125160e-01,1.618518554687500055e+00,1.441584472656249893e-01,3.063983154296874845e-01,1.626108764648437566e+00,1.029494094848632801e-01,2.809285278320312607e-01,1.629287719726562500e+00
8.947461700439453269e-02,3.492698364257812438e-01,1.613287353515625133e+00,1.544790649414062578e-01,3.424164123535156090e-01,1.618524291992187614e+00,1.441503753662109477e-01,3.063965148925781312e-01,1.626136718749999988e+00,1.029455947875976551e-01,2.809238891601562593e-01,1.629309814453125060e+00
8.946712493896484542e-02,3.492456665039062602e-01,1.613232055664062470e+00,1.544694671630859328e-01,3.424050598144531277e-01,1.618510620117187493e+00,1.441407623291015572e-01,3.063915710449218732e-01,1.626119506835937534e+00,1.029427413940429692e-01,2.809151000976562451e-01,1.629265991210937514e+00
8.945777893066406139e-02,3.492432861328125249e-01,1.613314819335937456e+00,1.544640960693359488e-01,3.423902282714844092e-01,1.618528076171874996e+00,1.441342468261718746e-01,3.063824157714843954e-01,1.626192382812500004e+00,1.029335479736328135e-01,2.809086608886718905e-01,1.629325195312500085e+00
8.946543884277344261e-02,3.492781982421875320e-01,1.613359619140624979e+00,1.544742126464843657e-01,3.424240112304687833e-01,1.618584472656249940e+00,1.441425628662109382e-01,3.064156188964843874e-01,1.626210693359374959e+00,1.029400711059570289e-01,2.809337158203125129e-01,1.629336303710937628e+00
8.946150207519532049e-02,3.492850646972656126e-01,1.613318969726562635e+00,1.544675140380859513e-01,3.424389648437500266e-01,1.618570434570312466e+00,1.441418151855468899e-01,3.064167785644531516e-01,1.626157714843750046e+00,1.029327926635742185e-01,2.809512023925781476e-01,1.629356201171874963e+00
8.945748138427735141e-02,3.492771911621093683e-01,1.613361938476562507e+00,1.544682922363281308e-01,3.424242248535156463e-01,1.618574584960937424e+00,1.441407165527343881e-01,3.064101257324218786e-01,1.626185913085937518e+00,1.029334716796874993e-01,2.809334106445312562e-01,1.629347900390625048e+00
8.947587585449219560e-02,3.492449951171874845e-01,1.613268554687500078e+00,1.544785614013672037e-01,3.423987121582031112e-01,1.618527465820312594e+00,1.441471099853515736e-01,3.063890075683594061e-01,1.626143920898437623e+00,1.029463653564453157e-01,2.809161682128906157e-01,1.629298095703125115e+00
8.946261596679687400e-02,3.492904052734375209e-01,1.613388061523437500e+00,1.544685668945312562e-01,3.424286499023437846e-01,1.618599609375000137e+00,1.441426391601562662e-01,3.064149475097656117e-01,1.626211791992187461e+00,1.029368896484375018e-01,2.809452819824218572e-01,1.629389892578124943e+00
8.946588134765624811e-02,3.492669067382812575e-01,1.613374023437500027e+00,1.544769897460937513e-01,3.424153442382812385e-01,1.618595703125000007e+00,1.441493072509765772e-01,3.063961181640624809e-01,1.626198608398437440e+00,1.029414672851562546e-01,2.809288940429687798e-01,1.629380615234375052e+00
8.946241760253906272e-02,3.492720642089843786e-01,1.613374877929687479e+00,1.544718170166015647e-01,3.424241333007812527e-01,1.618620483398437448e+00,1.441417388916015618e-01,3.064060974121093905e-01,1.626217407226562495e+00,1.029397888183593707e-01,2.809339294433593759e-01,1.629379150390624975e+00
8.946989440917968439e-02,3.492802734375000107e-01,1.613353027343749968e+00,1.544785003662109413e-01,3.424269104003906383e-01,1.618592773437500076e+00,1.441514434814453183e-01,3.064065551757812478e-01,1.626161865234375004e+00,1.029488754272460949e-01,2.809359741210937789e-01,1.629328491210937591e+00
8.946824645996094560e-02,3.492698669433593750e-01,1.613340698242187621e+00,1.544781799316406190e-01,3.424127807617187713e-01,1.618563598632812628e+00,1.441460113525390718e-01,3.064036254882812615e-01,1.626182861328125062e+00,1.029421463012695354e-01,2.809327697753906117e-01,1.629344360351562493e+00
8.946781158447265903e-02,3.492747802734375018e-01,1.613352294921875041e+00,1.544748077392578134e-01,3.424147644042968563e-01,1.618574951171874998e+00,1.441464385986328256e-01,3.064100952148437473e-01,1.626220214843750123e+00,1.029412918090820278e-01,2.809309997558593897e-01,1.629352172851562530e+00
8.946450805664062089e-02,3.492754516601562775e-01,1.613365478515625062e+00,1.544726104736328098e-01,3.424333801269531241e-01,1.618629516601562512e+00,1.441452178955078267e-01,3.064134826660156463e-01,1.626207275390624929e+00,1.029380187988281209e-01,2.809409484863281126e-01,1.629386108398437560e+00
8.946075439453125833e-02,3.492629699707031077e-01,1.613365722656250112e+00,1.544630584716796817e-01,3.424089355468750151e-01,1.618603515625000044e+00,1.441376190185546802e-01,3.063950805664062416e-01,1.626211181640625059e+00,1.029402313232421901e-01,2.809194030761718586e-01,1.629346435546874972e+00
8.946257019042969105e-02,3.492863159179687704e-01,1.613404418945312502e+00,1.544698028564453207e-01,3.424385375976562451e-01,1.618652954101562624e+00,1.441393432617187609e-01,3.064256591796875040e-01,1.626264038085937447e+00,1.029304656982421851e-01,2.809570617675781201e-01,1.629440551757812550e+00
8.946023559570312478e-02,3.492901916503906579e-01,1.613369262695312445e+00,1.544682006835937649e-01,3.424366760253906294e-01,1.618599121093750037e+00,1.441437530517578058e-01,3.064183654785156419e-01,1.626183227539062637e+00,1.029383850097656261e-01,2.809478454589843799e-01,1.629362060546875046e+00
8.946346282958984875e-02,3.492846069335937553e-01,1.613414428710937543e+00,1.544667053222656405e-01,3.424250488281250226e-01,1.618611572265625131e+00,1.441417236328124962e-01,3.064139099121093723e-01,1.626231933593750068e+00,1.029349060058593751e-01,2.809472045898437353e-01,1.629417480468750012e+00
8.946849060058593983e-02,3.492723693847656352e-01,1.613386718749999948e+00,1.544757080078124900e-01,3.424139099121094043e-01,1.618594360351562456e+00,1.441484985351562664e-01,3.064045410156250315e-01,1.626218994140625096e+00,1.029407043457031268e-01,2.809294738769531063e-01,1.629364990234374977e+00
8.946298980712891202e-02,3.492791442871093777e-01,1.613374145507812552e+00,1.544697723388671895e-01,3.424245300292969030e-01,1.618615844726562614e+00,1.441432952880859486e-01,3.064136962890625093e-01,1.626239501953125055e+00,1.029380111694336020e-01,2.809294128417968994e-01,1.629374389648437615e+00
8.946513366699218595e-02,3.492837219238281166e-01,1.613408325195312631e+00,1.544759216308593808e-01,3.424318847656250275e-01,1.618649414062500069e+00,1.441466369628906230e-01,3.064183044433593794e-01,1.626260620117187639e+00,1.029416656494140658e-01,2.809426879882812589e-01,1.629410156250000075e+00
8.946392059326171986e-02,3.492830200195312651e-01,1.613378906250000133e+00,1.544718780517578272e-01,3.424245605468750342e-01,1.618594238281249931e+00,1.441429901123046919e-01,3.064096069335937589e-01,1.626200317382812566e+00,1.029379119873046894e-01,2.809377441406250009e-01,1.629378051757812473e+00
8.946006011962891191e-02,3.492755737304687469e-01,1.613370605468749996e+00,1.544657592773437393e-01,3.424302673339844061e-01,1.618612304687500059e+00,1.441378173828125053e-01,3.064110107421875173e-01,1.626209350585937630e+00,1.029300003051757811e-01,2.809280090332031410e-01,1.629357421874999989e+00
8.947034454345703658e-02,3.492698364257812438e-01,1.613328002929687477e+00,1.544772491455078112e-01,3.424122619628906516e-01,1.618552490234375085e+00,1.441534576416015623e-01,3.064011840820312638e-01,1.626161499023437429e+00,1.029466552734375068e-01,2.809277038574218843e-01,1.629325683593749963e+00
8.946195220947265880e-02,3.492823486328124893e-01,1.613360717773437480e+00,1.544680328369140709e-01,3.424263610839843874e-01,1.618567016601562436e+00,1.441377716064453085e-01,3.064181213378906476e-01,1.626207641601562504e+00,1.029363174438476525e-01,2.809428405761718595e-01,1.629365600585937601e+00
8.946493530273437467e-02,3.492785949707031268e-01,1.613385620117187447e+00,1.544723358154296844e-01,3.424221801757812433e-01,1.618598632812499938e+00,1.441444702148437507e-01,3.064063415527343848e-01,1.626203735351562596e+00,1.029378662109375064e-01,2.809355468749999973e-01,1.629380737304687576e+00
8.945986938476563344e-02,3.492795104980468968e-01,1.613364868164062438e+00,1.544701843261718777e-01,3.424187927246093999e-01,1.618567260742187486e+00,1.441428222656249980e-01,3.064102478027344034e-01,1.626196411132812436e+00,1.029375915527343810e-01,2.809392395019531530e-01,1.629367919921875130e+00
8.946270751953125377e-02,3.492858276367187820e-01,1.613409912109375011e+00,1.544742889404296937e-01,3.424226684570312318e-01,1.618610961914062507e+00,1.441472167968750051e-01,3.064122924804687509e-01,1.626219360351562448e+00,1.029391403198242211e-01,2.809432983398437722e-01,1.629402465820312562e+00
8.946850585937500544e-02,3.492934875488281077e-01,1.613360351562500128e+00,1.544747467041015787e-01,3.424368286132812300e-01,1.618596557617187459e+00,1.441476135253906277e-01,3.064153137207031308e-01,1.626192871093750103e+00,1.029399642944335974e-01,2.809450073242187318e-01,1.629380126953124952e+00
8.946244812011719394e-02,3.492861938476562456e-01,1.613402587890625073e+00,1.544729309082031321e-01,3.424325561523437478e-01,1.618634155273437569e+00,1.441433868408203145e-01,3.064077148437500120e-01,1.626210083007812557e+00,1.029366226196289091e-01,2.809403381347656548e-01,1.629395385742187452e+00
8.946211242675781994e-02,3.492972717285156570e-01,1.613398437500000115e+00,1.544673004150390605e-01,3.424360351562499849e-01,1.618588745117187644e+00,1.441397857666015525e-01,3.064230957031249813e-01,1.626212158203125036e+00,1.029331665039062566e-01,2.809501647949219083e-01,1.629370727539062536e+00
8.945729827880859186e-02,3.492908935546875093e-01,1.613371582031249973e+00,1.544613800048828256e-01,3.424336242675781183e-01,1.618600952148437466e+00,1.441376037597656146e-01,3.064159240722656441e-01,1.626191040039062452e+00,1.029320297241210908e-01,2.809488220214843568e-01,1.629388183593750039e+00
8.945919036865233875e-02,3.492918090820312793e-01,1.613378173828124984e+00,1.544645843505859373e-01,3.424427185058593892e-01,1.618653930664062601e+00,1.441370239257812602e-01,3.064291076660156099e-01,1.626250488281250073e+00,1.029304809570312507e-01,2.809522399902343870e-01,1.629404296874999991e+00
8.946217346191406850e-02,3.492730407714843555e-01,1.613364990234374963e+00,1.544730682373046948e-01,3.424192504882812571e-01,1.618597778320312486e+00,1.441442108154296908e-01,3.064052734375000142e-01,1.626188842773437448e+00,1.029340744018554660e-01,2.809372253417968812e-01,1.629391601562500069e+00
8.947090911865233920e-02,3.492681579589843599e-01,1.613368896484375092e+00,1.544736175537109457e-01,3.424241638183593839e-01,1.618617553710937518e+00,1.441468811035156172e-01,3.064069519042968981e-01,1.626219970703125073e+00,1.029407958984375066e-01,2.809313964843749845e-01,1.629370727539062536e+00
8.946146392822265647e-02,3.492834472656249911e-01,1.613411865234374964e+00,1.544697265624999927e-01,3.424277038574218834e-01,1.618613403320312560e+00,1.441416931152343650e-01,3.064083862304687322e-01,1.626206665039062527e+00,1.029343566894531242e-01,2.809338378906249822e-01,1.629360961914062544e+00
8.946465301513671642e-02,3.492802429199218794e-01,1.613340576171875096e+00,1.544684600830078247e-01,3.424244995117187718e-01,1.618563354492187578e+00,1.441430053710937575e-01,3.064054565429687460e-01,1.626167602539062562e+00,1.029343643188476570e-01,2.809379577636718639e-01,1.629335815429687528e+00
8.946449279785156916e-02,3.492776184082031499e-01,1.613347045898437582e+00,1.544709320068359537e-01,3.424166564941406588e-01,1.618563720703124931e+00,1.441422119140625124e-01,3.064063720703125160e-01,1.626182128906250135e+00,1.029396896362304720e-01,2.809346618652343586e-01,1.629347045898437596e+00
8.946768188476562911e-02,3.492733154296874809e-01,1.613333496093749986e+00,1.544728851318359353e-01,3.424192199707031259e-01,1.618560791015625000e+00,1.441439666748046966e-01,3.064052124023437518e-01,1.626165283203125034e+00,1.029411239624023477e-01,2.809326171875000111e-01,1.629328735351562640e+00
8.946912384033203769e-02,3.492839965820312420e-01,1.613391845703125105e+00,1.544824371337890634e-01,3.424306335449218697e-01,1.618649047851562495e+00,1.441501770019531226e-01,3.064161987304687695e-01,1.626268310546874929e+00,1.029465408325195286e-01,2.809361877441406419e-01,1.629397216796875103e+00
8.946944427490234608e-02,3.492896118164062758e-01,1.613387573242187623e+00,1.544754943847656270e-01,3.424283142089843968e-01,1.618587280273437568e+00,1.441451721191406299e-01,3.064103698730468728e-01,1.626190063476562475e+00,1.029405746459960969e-01,2.809465637207031463e-01,1.629401245117187536e+00
8.945908355712890725e-02,3.492913208007812353e-01,1.613393676757812534e+00,1.544638671874999925e-01,3.424388427734375018e-01,1.618639404296875028e+00,1.441374053955078172e-01,3.064280395507812393e-01,1.626262939453124945e+00,1.029284210205078098e-01,2.809555358886718923e-01,1.629431152343750133e+00
8.946443939208983953e-02,3.492893981933593572e-01,1.613358764648437527e+00,1.544708709716796913e-01,3.424311523437499893e-01,1.618591064453124950e+00,1.441461486816406345e-01,3.064149169921874805e-01,1.626206787109375052e+00,1.029410018920898506e-01,2.809402465820312611e-01,1.629367431640625030e+00
8.946334075927735163e-02,3.492735290527343994e-01,1.613347412109374934e+00,1.544731445312499951e-01,3.424169311523437842e-01,1.618562988281250004e+00,1.441446838378906414e-01,3.064014892578125204e-01,1.626166992187499938e+00,1.029395751953125077e-01,2.809311218261718590e-01,1.629337890625000007e+00
8.946716308593749556e-02,3.492772827148437620e-01,1.613338867187499970e+00,1.544758453369140527e-01,3.424222106933593746e-01,1.618572387695312642e+00,1.441474914550781306e-01,3.064077148437500120e-01,1.626171630859374995e+00,1.029423065185546965e-01,2.809370117187500182e-01,1.629365112304687502e+00
8.946606445312500766e-02,3.492776794433593568e-01,1.613336425781250139e+00,1.544683227539062620e-01,3.424278564453124840e-01,1.618581542968750009e+00,1.441364440917968781e-01,3.064153747558593932e-01,1.626203613281250071e+00,1.029347229003906294e-01,2.809374694824218754e-01,1.629352905273437457e+00
8.946342468261718472e-02,3.492712707519531334e-01,1.613343627929687552e+00,1.544689483642578132e-01,3.424182739257812802e-01,1.618580078124999932e+00,1.441399383544921808e-01,3.064064331054687784e-01,1.626188842773437448e+00,1.029368362426757860e-01,2.809278869628906161e-01,1.629335937500000053e+00
8.946202850341797297e-02,3.492751770019531521e-01,1.613358398437499952e+00,1.544708709716796913e-01,3.424177246093750293e-01,1.618567626953125060e+00,1.441434173583984457e-01,3.064051208496093581e-01,1.626171142578125117e+00,1.029397659301757861e-01,2.809281921386718728e-01,1.629329101562499993e+00
8.946565246582031949e-02,3.492758483886718723e-01,1.613329223632812504e+00,1.544743957519531252e-01,3.424161071777344079e-01,1.618533447265624980e+00,1.441445770263671822e-01,3.064064636230468541e-01,1.626175415039062599e+00,1.029408416748046895e-01,2.809323120117187544e-01,1.629331787109375096e+00
8.946518707275390170e-02,3.492691650390625235e-01,1.613339355468750069e+00,1.544721069335937558e-01,3.424151306152343754e-01,1.618571411132812443e+00,1.441454620361328209e-01,3.063974609375000324e-01,1.626182250976562438e+00,1.029390716552734397e-01,2.809298095703124942e-01,1.629344726562500068e+00
8.946744537353515381e-02,3.492790222167969083e-01,1.613344360351562479e+00,1.544770965576171828e-01,3.424228210449218879e-01,1.618576049804687500e+00,1.441473083496093710e-01,3.064137268066406405e-01,1.626195922851562559e+00,1.029430236816406274e-01,2.809388732910156339e-01,1.629371948242187562e+00
8.946772003173827925e-02,3.492680969238281530e-01,1.613346191406250130e+00,1.544721221923828214e-01,3.424171752929687784e-01,1.618580932617187607e+00,1.441442718505859533e-01,3.064069824218750293e-01,1.626213012695312488e+00,1.029397201538085893e-01,2.809302673339844070e-01,1.629371704101562512e+00
8.947000122070312977e-02,3.492713317871093959e-01,1.613364990234374963e+00,1.544774475097656363e-01,3.424119262695312638e-01,1.618582031250000108e+00,1.441458282470703123e-01,3.064025573730468910e-01,1.626213256835937537e+00,1.029411163330078149e-01,2.809313049316406463e-01,1.629393188476562448e+00
8.946611785888672341e-02,3.492705383300781508e-01,1.613361816406249982e+00,1.544746856689453163e-01,3.424148254394531188e-01,1.618552001953124986e+00,1.441474914550781306e-01,3.063973083496093763e-01,1.626169067382812639e+00,1.029428634643554663e-01,2.809262084960937322e-01,1.629333007812500123e+00
8.946678161621093861e-02,3.492743530273437758e-01,1.613318359375000011e+00,1.544702911376953092e-01,3.424270629882812389e-01,1.618558959960937571e+00,1.441421661376953156e-01,3.064031066894531419e-01,1.626143554687500048e+00,1.029356307983398527e-01,2.809364318847656361e-01,1.629331542968750046e+00
8.946103668212890270e-02,3.492929382324218568e-01,1.613354614257812569e+00,1.544695281982421953e-01,3.424366149902343670e-01,1.618586547851562640e+00,1.441414794921875020e-01,3.064166564941406268e-01,1.626195312499999934e+00,1.029403381347656216e-01,2.809381408691406512e-01,1.629327758789062441e+00
8.946215820312500289e-02,3.492641296386718719e-01,1.613374267578125076e+00,1.544648742675781283e-01,3.424197082519531143e-01,1.618638305664062527e+00,1.441421508789062500e-01,3.063960876464844052e-01,1.626222900390625004e+00,1.029367370605468734e-01,2.809205322265624916e-01,1.629368652343750057e+00
8.946208190917968872e-02,3.492754516601562775e-01,1.613371948242187548e+00,1.544675750732421859e-01,3.424253234863281481e-01,1.618618774414062544e+00,1.441432037353515550e-01,3.064081726074218692e-01,1.626211181640625059e+00,1.029383468627929760e-01,2.809289245605468555e-01,1.629335449218749954e+00
8.946389770507812145e-02,3.492796325683593661e-01,1.613340209960937521e+00,1.544704132080078063e-01,3.424288024902343852e-01,1.618596313476562631e+00,1.441405181884765629e-01,3.064128417968750018e-01,1.626193115234374931e+00,1.029384536743164075e-01,2.809394836425781472e-01,1.629356445312500012e+00
8.945537567138671375e-02,3.492835998535156472e-01,1.613420410156249929e+00,1.544696197509765612e-01,3.424239501953125209e-01,1.618627929687500133e+00,1.441403656005859346e-01,3.064036865234375240e-01,1.626234741210937473e+00,1.029363861083984338e-01,2.809294738769531063e-01,1.629404785156250091e+00
8.946399688720703403e-02,3.492745361328125075e-01,1.613360595703124956e+00,1.544745330810546879e-01,3.424100952148437793e-01,1.618543457031250021e+00,1.441439819335937622e-01,3.064004211425781499e-01,1.626177612304687603e+00,1.029368438720703188e-01,2.809339904785156383e-01,1.629365966796874954e+00
8.945563507080078747e-02,3.492963256835937558e-01,1.613428344726562491e+00,1.544674835205078200e-01,3.424301757812500124e-01,1.618618774414062544e+00,1.441428527832031292e-01,3.064114990234375058e-01,1.626213623046875112e+00,1.029332275390625051e-01,2.809450988769531254e-01,1.629415893554687633e+00
8.946801757812500311e-02,3.492960815429687615e-01,1.613374511718750126e+00,1.544745483398437536e-01,3.424399719238281348e-01,1.618590454101562548e+00,1.441460418701172030e-01,3.064260864257812300e-01,1.626202514648437569e+00,1.029377517700195283e-01,2.809586181640624791e-01,1.629412597656250128e+00
8.945817565917968395e-02,3.492887573242187682e-01,1.613378906250000133e+00,1.544633941650390696e-01,3.424259643554687371e-01,1.618587402343750092e+00,1.441361694335937527e-01,3.064133605957031214e-01,1.626196777343750011e+00,1.029336471557617261e-01,2.809391174316406281e-01,1.629358520507812491e+00
8.946388244628906972e-02,3.492762145996093914e-01,1.613352172851562516e+00,1.544696197509765612e-01,3.424264526367187811e-01,1.618592895507812601e+00,1.441397552490234490e-01,3.064104919433593976e-01,1.626211914062499986e+00,1.029393692016601636e-01,2.809350585937500089e-01,1.629343627929687566e+00
8.946177673339844594e-02,3.492879333496093919e-01,1.613405639648437528e+00,1.544665069580078154e-01,3.424329223632812669e-01,1.618647094726562541e+00,1.441408996582031199e-01,3.064176025390625280e-01,1.626252075195312452e+00,1.029362182617187538e-01,2.809424438476562647e-01,1.629398315429687605e+00
8.947239685058594461e-02,3.492764587402343857e-01,1.613359252929687626e+00,1.544779357910156248e-01,3.424202270507812340e-01,1.618564697265625130e+00,1.441528472900390767e-01,3.064094543457031583e-01,1.626192260742187479e+00,1.029519577026367233e-01,2.809351196289062713e-01,1.629321899414062580e+00
8.947868347167968472e-02,3.492809753417968621e-01,1.613290283203125064e+00,1.544836120605468655e-01,3.424214172363281294e-01,1.618498657226562498e+00,1.441552276611328121e-01,3.064064025878906472e-01,1.626108154296874941e+00,1.029553298950195289e-01,2.809359130859375164e-01,1.629264404296875135e+00
8.946850585937500544e-02,3.492644958496093910e-01,1.613373168945312575e+00,1.544794769287109459e-01,3.424164428710937402e-01,1.618606445312499975e+00,1.441480255126953158e-01,3.063951721191406352e-01,1.626192260742187479e+00,1.029458770751953134e-01,2.809188537597656077e-01,1.629345703125000044e+00
8.946643829345703181e-02,3.492942199707031459e-01,1.613391479492187530e+00,1.544705200195312655e-01,3.424410095214843741e-01,1.618633666992187470e+00,1.441444091796875160e-01,3.064311828613281441e-01,1.626260253906250064e+00,1.029418716430664099e-01,2.809583435058593537e-01,1.629407714843750021e+00
8.945973968505858964e-02,3.492690124511718675e-01,1.613337036132812541e+00,1.544694366455078294e-01,3.424138183593750107e-01,1.618560302734375123e+00,1.441394958496093892e-01,3.063991394042968608e-01,1.626168701171875064e+00,1.029361877441406226e-01,2.809320373535156290e-01,1.629342407226562539e+00
8.945589447021484730e-02,3.492751159667968897e-01,1.613329223632812504e+00,1.544611511230468692e-01,3.424273071289062331e-01,1.618561035156250050e+00,1.441321563720703025e-01,3.064092712402343710e-01,1.626169677734375041e+00,1.029245910644531331e-01,2.809332275390625244e-01,1.629331054687499947e+00
8.947053527832031505e-02,3.492767333984375111e-01,1.613381835937500064e+00,1.544748382568359446e-01,3.424192810058593883e-01,1.618604858398437596e+00,1.441480255126953158e-01,3.064044189453125067e-01,1.626195800781250034e+00,1.029454040527343767e-01,2.809262084960937322e-01,1.629351928710937480e+00
8.946720886230469238e-02,3.492723083496093728e-01,1.613344238281249954e+00,1.544709320068359537e-01,3.424200744628906334e-01,1.618573852539062496e+00,1.441439971923828278e-01,3.064106750488281294e-01,1.626188720703124924e+00,1.029360580444335926e-01,2.809415893554687571e-01,1.629367919921875130e+00
8.946456146240235052e-02,3.492783813476562638e-01,1.613328735351562626e+00,1.544687957763671848e-01,3.424270019531250320e-01,1.618559570312499973e+00,1.441416320800781303e-01,3.064129638671875266e-01,1.626189941406249950e+00,1.029379882812500036e-01,2.809427795410156525e-01,1.629352416992187580e+00
8.946765899658203069e-02,3.492913513183593666e-01,1.613358642578125002e+00,1.544769744873046857e-01,3.424356079101562589e-01,1.618583129882812610e+00,1.441507873535156359e-01,3.064204406738281206e-01,1.626201904296874945e+00,1.029428710937499991e-01,2.809478149414062487e-01,1.629362548828124924e+00
8.946141815185547352e-02,3.492794799804687655e-01,1.613382446289062466e+00,1.544702301025390745e-01,3.424280090332031401e-01,1.618614990234374940e+00,1.441412048339843766e-01,3.064122619628906197e-01,1.626217529296875020e+00,1.029365615844726606e-01,2.809390258789062345e-01,1.629393554687500023e+00
8.946654510498047719e-02,3.493022155761718595e-01,1.613354492187500044e+00,1.544712829589843794e-01,3.424498901367187820e-01,1.618609741210937480e+00,1.441436157226562431e-01,3.064317626953125262e-01,1.626201782226562642e+00,1.029369583129882831e-01,2.809542541503906032e-01,1.629362915039062498e+00
8.946407318115234819e-02,3.492947387695312655e-01,1.613375610351562628e+00,1.544711608886718823e-01,3.424408264160156423e-01,1.618604858398437596e+00,1.441454925537109522e-01,3.064166870117187580e-01,1.626194946289062582e+00,1.029383163452148447e-01,2.809440917968750173e-01,1.629358276367187441e+00
8.946974182128906994e-02,3.492889099121093688e-01,1.613378784179687608e+00,1.544731445312499951e-01,3.424353637695312647e-01,1.618627441406250034e+00,1.441443023681640567e-01,3.064197387695312691e-01,1.626246704101562468e+00,1.029426193237304721e-01,2.809454040527343821e-01,1.629391479492187544e+00
8.946617126464843917e-02,3.492929687499999880e-01,1.613405029296875126e+00,1.544748840332031414e-01,3.424365844726562358e-01,1.618622924804687502e+00,1.441452789306640614e-01,3.064252624511718537e-01,1.626260375976562589e+00,1.029434280395507828e-01,2.809525146484375124e-01,1.629393188476562448e+00
8.946573638916015259e-02,3.492739562988281254e-01,1.613341186523437498e+00,1.544731140136718917e-01,3.424168701171875218e-01,1.618561157226562575e+00,1.441437225341797024e-01,3.064081726074218692e-01,1.626185791015624993e+00,1.029393615722656308e-01,2.809401550292968675e-01,1.629345825195312569e+00
8.946651458740234597e-02,3.492723083496093728e-01,1.613358276367187427e+00,1.544703369140625060e-01,3.424170837402343848e-01,1.618603149414062470e+00,1.441470489501953112e-01,3.064021606445312407e-01,1.626199340820312589e+00,1.029458770751953134e-01,2.809301147460937509e-01,1.629325805664062488e+00
8.946294403076171520e-02,3.492947692871093968e-01,1.613401733398437621e+00,1.544740905761718686e-01,3.424343566894531565e-01,1.618602050781249968e+00,1.441450042724609359e-01,3.064165039062500262e-01,1.626201660156250117e+00,1.029358444213867158e-01,2.809487915039062811e-01,1.629410278320312599e+00
8.946227264404296720e-02,3.492768554687499805e-01,1.613366210937499989e+00,1.544705505371093690e-01,3.424208374023437473e-01,1.618582763671875036e+00,1.441430358886718888e-01,3.064061889648437287e-01,1.626211303710937583e+00,1.029333953857421852e-01,2.809358215332031228e-01,1.629401367187500060e+00
8.945966339111328935e-02,3.493083190917968817e-01,1.613420532226562454e+00,1.544691772460937418e-01,3.424418640136718817e-01,1.618614013671874963e+00,1.441439361572265654e-01,3.064224243164062611e-01,1.626221435546874927e+00,1.029354476928710932e-01,2.809556579589843617e-01,1.629416015624999936e+00
8.946701049804688111e-02,3.492792053222656401e-01,1.613360473632812431e+00,1.544754180908203267e-01,3.424272460937500262e-01,1.618600830078124941e+00,1.441507873535156359e-01,3.064090881347656392e-01,1.626189086914062498e+00,1.029454956054687564e-01,2.809357299804687291e-01,1.629344970703125117e+00
8.946862792968750255e-02,3.492788391113281210e-01,1.613346679687500007e+00,1.544765014648437629e-01,3.424246826171875036e-01,1.618573974609375021e+00,1.441475677490234308e-01,3.064096984863281525e-01,1.626180297851562484e+00,1.029440383911132822e-01,2.809407958984375120e-01,1.629348510742187450e+00
8.947192382812500788e-02,3.492856140136718635e-01,1.613364624023437610e+00,1.544750671386718732e-01,3.424271850585937638e-01,1.618588012695312495e+00,1.441461334228515689e-01,3.064190063476562309e-01,1.626211914062499986e+00,1.029431838989257886e-01,2.809455261230469070e-01,1.629365844726562429e+00
8.945869445800781750e-02,3.492885437011719052e-01,1.613391357421875005e+00,1.544685058593749938e-01,3.424223937988281063e-01,1.618592529296875027e+00,1.441388702392578103e-01,3.064087829589843825e-01,1.626203613281250071e+00,1.029349899291992221e-01,2.809368591308593621e-01,1.629368408203125007e+00
8.946298217773437922e-02,3.492796936035156286e-01,1.613351196289062539e+00,1.544719085693359306e-01,3.424241638183593839e-01,1.618567871093750110e+00,1.441444396972656194e-01,3.064116821289062376e-01,1.626175537109375124e+00,1.029368515014648516e-01,2.809425354003906583e-01,1.629369018554687631e+00
8.946373748779297419e-02,3.492741088867187815e-01,1.613352416992187566e+00,1.544723358154296844e-01,3.424134826660156228e-01,1.618546630859375002e+00,1.441450805664062640e-01,3.063992919921875169e-01,1.626156982421875119e+00,1.029402847290039058e-01,2.809333496093749938e-01,1.629346923828125071e+00
8.946160125732421919e-02,3.492763977050781232e-01,1.613349853515624988e+00,1.544702453613281401e-01,3.424200134277343710e-01,1.618570068359375114e+00,1.441399383544921808e-01,3.064088745117187762e-01,1.626191162109374977e+00,1.029356689453125029e-01,2.809380798339843888e-01,1.629361450195312644e+00
8.947002410888671431e-02,3.492830505371093963e-01,1.613354858398437619e+00,1.544749755859375073e-01,3.424301757812500124e-01,1.618599243164062562e+00,1.441455078124999900e-01,3.064166259765624956e-01,1.626197631835937463e+00,1.029405136108398483e-01,2.809440002441406237e-01,1.629369140624999934e+00
8.946184539794922730e-02,3.492848815917968808e-01,1.613387084960937523e+00,1.544669036865234379e-01,3.424297180175781552e-01,1.618621215820312598e+00,1.441428527832031292e-01,3.064114074707031121e-01,1.626215820312500115e+00,1.029329376220703141e-01,2.809388427734375027e-01,1.629397827148437505e+00
8.946378326416015714e-02,3.492815551757812442e-01,1.613381103515625137e+00,1.544707794189453254e-01,3.424259948730468683e-01,1.618617797851562568e+00,1.441446685791015758e-01,3.064103393554687416e-01,1.626215576171875066e+00,1.029372406005859414e-01,2.809428405761718595e-01,1.629399047851562532e+00
8.946644592285156461e-02,3.492871704101562780e-01,1.613338256835937568e+00,1.544683074951171964e-01,3.424380798339843879e-01,1.618589965820312448e+00,1.441402740478515687e-01,3.064220886230468732e-01,1.626205200195312450e+00,1.029366378784179747e-01,2.809479675292969048e-01,1.629369995117187608e+00
8.946002197265624789e-02,3.492649536132812482e-01,1.613386962890624998e+00,1.544662475585937556e-01,3.424178466796874987e-01,1.618630981445312589e+00,1.441352233886718792e-01,3.064031372070312731e-01,1.626233276367187619e+00,1.029288101196289135e-01,2.809351806640624782e-01,1.629422485351562644e+00
8.946311187744140914e-02,3.492954711914062482e-01,1.613382080078125114e+00,1.544702911376953092e-01,3.424338378906249813e-01,1.618585937500000016e+00,1.441422119140625124e-01,3.064247131347656583e-01,1.626239746093750105e+00,1.029372863769531243e-01,2.809487915039062811e-01,1.629380126953124952e+00
8.946341705322265192e-02,3.492820434570312327e-01,1.613345336914062456e+00,1.544717254638671988e-01,3.424244995117187718e-01,1.618572143554687592e+00,1.441453094482421926e-01,3.064137268066406405e-01,1.626184814453125016e+00,1.029343566894531242e-01,2.809418640136718825e-01,1.629356567382812537e+00
8.946411895751953114e-02,3.492788391113281210e-01,1.613382324218749941e+00,1.544716491699218708e-01,3.424221496582031121e-01,1.618586791992187468e+00,1.441393280029296953e-01,3.064091491699219016e-01,1.626224609375000130e+00,1.029354629516601588e-01,2.809361877441406419e-01,1.629386230468750085e+00
8.946341705322265192e-02,3.492807922363281303e-01,1.613347900390625034e+00,1.544656219482422044e-01,3.424290771484375107e-01,1.618581787109375059e+00,1.441418609619140589e-01,3.064118041992187624e-01,1.626189819335937425e+00,1.029365310668945294e-01,2.809427490234375213e-01,1.629359008789062591e+00
8.946484375000000877e-02,3.492723083496093728e-01,1.613358642578125002e+00,1.544724273681640780e-01,3.424189453125000004e-01,1.618590698242187598e+00,1.441447906494140729e-01,3.064029541015624858e-01,1.626222900390625004e+00,1.029380569458007849e-01,2.809331054687499996e-01,1.629384765625000009e+00
8.946513366699218595e-02,3.492985839843750218e-01,1.613388427734375075e+00,1.544719696044921931e-01,3.424431152343749840e-01,1.618619018554687594e+00,1.441461334228515689e-01,3.064238586425781508e-01,1.626219482421874973e+00,1.029385604858398390e-01,2.809480590820312429e-01,1.629387451171875112e+00
8.945948028564452981e-02,3.492850341796874813e-01,1.613357666015625025e+00,1.544751586914062669e-01,3.424106750488281059e-01,1.618508300781249964e+00,1.441505432128906417e-01,3.064001770019531556e-01,1.626130981445312429e+00,1.029399032592773489e-01,2.809292907714843746e-01,1.629319580078125052e+00
8.946368408203125844e-02,3.492855224609375253e-01,1.613346801757812532e+00,1.544731292724609295e-01,3.424228515625000191e-01,1.618559570312499973e+00,1.441464996337890603e-01,3.064043273925781130e-01,1.626143310546874998e+00,1.029407196044921924e-01,2.809374389648437442e-01,1.629340576171875110e+00
8.945860290527343772e-02,3.492766418457031175e-01,1.613342407226562525e+00,1.544653930664062480e-01,3.424284057617187349e-01,1.618601196289062516e+00,1.441386413574218817e-01,3.064096069335937589e-01,1.626192382812500004e+00,1.029366760253906249e-01,2.809338684082031135e-01,1.629330688476562594e+00
8.946278381347656794e-02,3.492973937988281263e-01,1.613395874023437537e+00,1.544757537841796868e-01,3.424358215332031219e-01,1.618597656249999961e+00,1.441453552246093894e-01,3.064166259765624956e-01,1.626205932617187599e+00,1.029427108764648519e-01,2.809458312988281081e-01,1.629367553710937555e+00
8.946396636962890281e-02,3.492666320800781321e-01,1.613381103515625137e+00,1.544719543457031274e-01,3.424128417968750338e-01,1.618584594726562464e+00,1.441437530517578058e-01,3.063959960937500115e-01,1.626188110351562521e+00,1.029363861083984338e-01,2.809239196777343905e-01,1.629374511718750140e+00
8.946910858154297208e-02,3.492885742187499809e-01,1.613363769531249936e+00,1.544691772460937418e-01,3.424375915527343994e-01,1.618609741210937480e+00,1.441449890136718703e-01,3.064176940917968661e-01,1.626186767578124970e+00,1.029375305175781324e-01,2.809472656249999978e-01,1.629355834960937610e+00
8.946109771728515125e-02,3.492758483886718723e-01,1.613362548828125131e+00,1.544698486328124898e-01,3.424175415039062420e-01,1.618587280273437568e+00,1.441427459716796977e-01,3.064021301269531095e-01,1.626185180664062591e+00,1.029346923828124982e-01,2.809385986328125084e-01,1.629385864257812511e+00
8.946557617187500533e-02,3.492705078125000195e-01,1.613366333007812514e+00,1.544686737060546877e-01,3.424155578613281570e-01,1.618603881835937619e+00,1.441447601318359417e-01,3.063973388671875075e-01,1.626185546874999943e+00,1.029360427856445270e-01,2.809278259277343537e-01,1.629377075195312496e+00
8.946823883056641280e-02,3.492854614257812629e-01,1.613352661132812615e+00,1.544734954833984486e-01,3.424279785156250089e-01,1.618572143554687592e+00,1.441466674804687542e-01,3.064142761230468914e-01,1.626174682617187450e+00,1.029364318847656307e-01,2.809450378417968630e-01,1.629367431640625030e+00
8.946428680419922508e-02,3.492788391113281210e-01,1.613362426757812607e+00,1.544760131835937467e-01,3.424147033691406494e-01,1.618553100585937488e+00,1.441464996337890603e-01,3.064007873535156135e-01,1.626173583984374948e+00,1.029371795654296928e-01,2.809332275390625244e-01,1.629357788085937564e+00
8.946546173095702714e-02,3.492750854492187584e-01,1.613355590820312546e+00,1.544681701660156337e-01,3.424243469238281157e-01,1.618597656249999961e+00,1.441456298828125149e-01,3.064065856933593790e-01,1.626195190429687631e+00,1.029402999877929714e-01,2.809359741210937789e-01,1.629362060546875046e+00
8.946134948730469216e-02,3.492758483886718723e-01,1.613346191406250130e+00,1.544716491699218708e-01,3.424282531738281343e-01,1.618589111328124996e+00,1.441435394287109428e-01,3.064091796875000329e-01,1.626200439453125091e+00,1.029365386962890622e-01,2.809367065429687615e-01,1.629356811523437587e+00
8.947006988525391113e-02,3.492794494628906343e-01,1.613350341796875087e+00,1.544751281738281357e-01,3.424233703613281388e-01,1.618573486328125144e+00,1.441465301513671915e-01,3.064077758789062744e-01,1.626188964843749973e+00,1.029419631958007897e-01,2.809328918457031365e-01,1.629346801757812546e+00
8.946672821044922286e-02,3.492773742675781556e-01,1.613351440429687589e+00,1.544754638671874958e-01,3.424175415039062420e-01,1.618548950195312530e+00,1.441445312500000131e-01,3.064087829589843825e-01,1.626182739257812537e+00,1.029390945434570381e-01,2.809380187988281263e-01,1.629375000000000018e+00
8.946233367919921575e-02,3.492687377929687420e-01,1.613375122070312528e+00,1.544730377197265636e-01,3.424107055664062371e-01,1.618581909179687583e+00,1.441436920166015712e-01,3.063957519531250173e-01,1.626191772460937601e+00,1.029342498779296927e-01,2.809267272949219074e-01,1.629377929687499948e+00
8.946250152587890969e-02,3.492831420898437345e-01,1.613378173828124984e+00,1.544745788574218848e-01,3.424195251464843825e-01,1.618568969726562612e+00,1.441419982910156217e-01,3.064082641601562629e-01,1.626192138671874954e+00,1.029367294311523406e-01,2.809363403320312425e-01,1.629368286132812482e+00
8.946382904052734009e-02,3.492751159667968897e-01,1.613358886718750052e+00,1.544739532470703058e-01,3.424221801757812433e-01,1.618582641601562511e+00,1.441417846679687587e-01,3.064074401855468865e-01,1.626205566406250025e+00,1.029330596923828112e-01,2.809398498535156108e-01,1.629383300781249932e+00
8.946915435791015503e-02,3.492749938964843648e-01,1.613315429687500080e+00,1.544758300781250149e-01,3.424254150390624862e-01,1.618564331054687555e+00,1.441469116210937484e-01,3.064136962890625093e-01,1.626179443359375032e+00,1.029459762573242260e-01,2.809418334960937513e-01,1.629342041015624964e+00
8.946960449218750722e-02,3.492773132324218932e-01,1.613357299804687450e+00,1.544741973876953278e-01,3.424289245605468546e-01,1.618591796875000099e+00,1.441430053710937575e-01,3.064128112792968706e-01,1.626211425781250108e+00,1.029422912597656309e-01,2.809382324218749893e-01,1.629352783203124932e+00
8.946768951416016191e-02,3.492772216796874996e-01,1.613352172851562516e+00,1.544718933105468650e-01,3.424322204589843599e-01,1.618617065429687640e+00,1.441434020996093801e-01,3.064105224609375289e-01,1.626199829101562466e+00,1.029366912841796905e-01,2.809331054687499996e-01,1.629350830078124979e+00
8.946224975585938266e-02,3.492759399414062660e-01,1.613362915039062484e+00,1.544707336425781286e-01,3.424237060546875266e-01,1.618591186523437475e+00,1.441441040039062593e-01,3.064066772460937726e-01,1.626189697265625123e+00,1.029347305297851622e-01,2.809420166015624831e-01,1.629383422851562457e+00
8.947029876708983975e-02,3.492758483886718723e-01,1.613340576171875096e+00,1.544734649658203174e-01,3.424322509765624911e-01,1.618606323242187450e+00,1.441438140869140683e-01,3.064175720214843968e-01,1.626220336914062425e+00,1.029384613037109403e-01,2.809445495605468746e-01,1.629375610351562642e+00
8.946438598632812378e-02,3.492699890136718999e-01,1.613374145507812552e+00,1.544738311767578087e-01,3.424082031250000324e-01,1.618572265625000117e+00,1.441464691162109291e-01,3.063936157226562762e-01,1.626194702148437532e+00,1.029418106079101614e-01,2.809269409179687704e-01,1.629371582031249988e+00
8.946412658691406394e-02,3.492806396484375298e-01,1.613365234375000012e+00,1.544738922119140712e-01,3.424245605468750342e-01,1.618587036132812518e+00,1.441458282470703123e-01,3.064164123535156325e-01,1.626214721679687614e+00,1.029407806396484409e-01,2.809443054199218803e-01,1.629374023437500041e+00
8.946852111816407105e-02,3.492733764648437433e-01,1.613368041992187640e+00,1.544762725830078065e-01,3.424206848144531468e-01,1.618603271484374995e+00,1.441495361328125058e-01,3.064064636230468541e-01,1.626196777343750011e+00,1.029436187744140613e-01,2.809303588867187451e-01,1.629358520507812491e+00
8.946885681152344505e-02,3.492807922363281303e-01,1.613354370117187520e+00,1.544770355224609482e-01,3.424328918457031357e-01,1.618601562500000091e+00,1.441486816406249982e-01,3.064076538085937496e-01,1.626191284179687502e+00,1.029395828247070266e-01,2.809327697753906117e-01,1.629354370117187534e+00
8.946636962890625044e-02,3.492807312011718679e-01,1.613397705078124966e+00,1.544764404296875004e-01,3.424226074218750249e-01,1.618611450195312607e+00,1.441449127197265700e-01,3.064011230468750013e-01,1.626205688476562550e+00,1.029412002563476619e-01,2.809260559082031317e-01,1.629392456054687521e+00
8.946299743652344483e-02,3.492783813476562638e-01,1.613359863281250028e+00,1.544695434570312609e-01,3.424234008789062700e-01,1.618580078124999932e+00,1.441436157226562431e-01,3.064091491699219016e-01,1.626186279296875092e+00,1.029382019042968804e-01,2.809398498535156108e-01,1.629373535156249941e+00
8.946341705322265192e-02,3.492805175781250049e-01,1.613376586914062605e+00,1.544688720703125129e-01,3.424204711914062838e-01,1.618602294921875018e+00,1.441451873779296955e-01,3.064060363769531281e-01,1.626195190429687631e+00,1.029392318725586009e-01,2.809378051757812633e-01,1.629367187499999980e+00
8.946711730957031261e-02,3.492840881347656357e-01,1.613364624023437610e+00,1.544739990234375027e-01,3.424158325195312824e-01,1.618538818359374964e+00,1.441453857421874929e-01,3.064061584472656530e-01,1.626164550781250107e+00,1.029443435668945389e-01,2.809390258789062345e-01,1.629348876953125025e+00
8.946676635742187300e-02,3.492924499511718683e-01,1.613358154296875124e+00,1.544698638916015554e-01,3.424398803710937411e-01,1.618600708007812639e+00,1.441456451416015527e-01,3.064152526855468683e-01,1.626170898437500068e+00,1.029381256103515663e-01,2.809467773437500093e-01,1.629359374999999943e+00
8.946807098388671886e-02,3.492664184570312691e-01,1.613339721679687644e+00,1.544793548583984488e-01,3.424145812988281246e-01,1.618584838867187514e+00,1.441489257812499925e-01,3.063945007324218595e-01,1.626178955078124932e+00,1.029470825195312467e-01,2.809236755371093963e-01,1.629338256835937582e+00
8.946478271484374634e-02,3.492718505859375155e-01,1.613378295898437509e+00,1.544720611572265589e-01,3.424150390624999818e-01,1.618614501953125062e+00,1.441420593261718841e-01,3.064086303710937820e-01,1.626249267578125046e+00,1.029396209716796906e-01,2.809291381835937740e-01,1.629380249023437477e+00
8.946428680419922508e-02,3.492926330566406556e-01,1.613400756835937644e+00,1.544713134765625107e-01,3.424389038085937642e-01,1.618640380859375005e+00,1.441436462402343743e-01,3.064224243164062611e-01,1.626238769531250128e+00,1.029370269775390645e-01,2.809493103027344008e-01,1.629390136718749993e+00
8.946345520019531594e-02,3.492935791015625013e-01,1.613425537109375085e+00,1.544757080078124900e-01,3.424386291503906388e-01,1.618645019531250062e+00,1.441461334228515689e-01,3.064188232421874991e-01,1.626251098632812475e+00,1.029373779296875041e-01,2.809503479003906401e-01,1.629421264648437617e+00
8.946988677978515159e-02,3.492876586914062664e-01,1.613380859375000087e+00,1.544774475097656363e-01,3.424314270019531148e-01,1.618592163085937452e+00,1.441506805419922044e-01,3.064134216308593839e-01,1.626205200195312450e+00,1.029492340087890673e-01,2.809420776367187456e-01,1.629372802734375014e+00
8.947144317626953836e-02,3.492636413574218834e-01,1.613304077148437488e+00,1.544729309082031321e-01,3.424172058105469096e-01,1.618547241210937626e+00,1.441437835693359371e-01,3.064026184082031534e-01,1.626164306640625057e+00,1.029458465576171960e-01,2.809337158203125129e-01,1.629330078124999970e+00
8.946407318115234819e-02,3.492659912109374876e-01,1.613349121093750060e+00,1.544707183837890629e-01,3.424103088378906423e-01,1.618576660156250124e+00,1.441462860107421973e-01,3.063977661132812336e-01,1.626187744140624947e+00,1.029357833862304672e-01,2.809284057617187358e-01,1.629364257812500050e+00
8.947153472900390425e-02,3.492803039550781419e-01,1.613356201171874948e+00,1.544807128906250104e-01,3.424272766113281574e-01,1.618596557617187459e+00,1.441527862548828143e-01,3.064176025390625280e-01,1.626229370117187489e+00,1.029509963989257842e-01,2.809359436035156476e-01,1.629341918945312440e+00
8.946642303466796620e-02,3.492832336425781281e-01,1.613371093750000096e+00,1.544734497070312518e-01,3.424333496093749929e-01,1.618593261718749954e+00,1.441460571289062409e-01,3.064151916503906059e-01,1.626204956054687623e+00,1.029346771240234465e-01,2.809484558105468932e-01,1.629421997070312544e+00
8.946217346191406850e-02,3.492724304199218976e-01,1.613356689453125048e+00,1.544732818603515578e-01,3.424203796386718901e-01,1.618568847656250087e+00,1.441454772949218865e-01,3.064123840332031445e-01,1.626193725585937555e+00,1.029389877319335928e-01,2.809389343261718963e-01,1.629357299804687464e+00
8.946176910400391313e-02,3.492774353027343626e-01,1.613376342773437555e+00,1.544761199951171782e-01,3.424141235351562673e-01,1.618565673828125107e+00,1.441497955322265656e-01,3.064008789062500071e-01,1.626180664062500059e+00,1.029428863525390647e-01,2.809354858398437349e-01,1.629358642578125016e+00
8.946044158935546886e-02,3.492783508300781325e-01,1.613367309570312491e+00,1.544715423583984393e-01,3.424279174804687464e-01,1.618600708007812639e+00,1.441461334228515689e-01,3.064082031250000004e-01,1.626193359374999980e+00,1.029383773803710933e-01,2.809436950683593670e-01,1.629377685546875121e+00
8.946298217773437922e-02,3.492763061523437296e-01,1.613374389648437601e+00,1.544735412597656177e-01,3.424157714843750200e-01,1.618573608398437447e+00,1.441448974609375044e-01,3.064015197753906516e-01,1.626157714843750046e+00,1.029407348632812580e-01,2.809394836425781472e-01,1.629359741210937518e+00
8.946743011474610208e-02,3.492822570800781512e-01,1.613368286132812468e+00,1.544728698730468697e-01,3.424281616210937407e-01,1.618584472656249940e+00,1.441437225341797024e-01,3.064097900390624907e-01,1.626170776367187543e+00,1.029424057006835952e-01,2.809425659179687340e-01,1.629351562500000128e+00
8.946157836914062078e-02,3.492822875976562824e-01,1.613363525390625108e+00,1.544704895019531343e-01,3.424267578124999822e-01,1.618589843749999924e+00,1.441429901123046919e-01,3.064068603515625044e-01,1.626191040039062452e+00,1.029404220581054685e-01,2.809336547851562504e-01,1.629327392578125089e+00
8.946569061279296964e-02,3.492887268066406370e-01,1.613402465820312548e+00,1.544779357910156248e-01,3.424342956542968941e-01,1.618624023437500004e+00,1.441486816406249982e-01,3.064115600585937682e-01,1.626220581054687475e+00,1.029423294067382810e-01,2.809465942382812775e-01,1.629410278320312599e+00
8.946446228027343794e-02,3.492957763671875049e-01,1.613402099609374973e+00,1.544759979248046811e-01,3.424388427734375018e-01,1.618629760742187562e+00,1.441473693847656334e-01,3.064208984375000333e-01,1.626234863281249998e+00,1.029422607421874997e-01,2.809570617675781201e-01,1.629437500000000094e+00
8.946709442138671420e-02,3.492733154296874809e-01,1.613397705078124966e+00,1.544731597900390607e-01,3.424185485839844056e-01,1.618601440429687566e+00,1.441417388916015618e-01,3.063993530273437793e-01,1.626168945312500114e+00,1.029361343383789068e-01,2.809315185546875093e-01,1.629365722656250126e+00
8.945885467529296475e-02,3.492532653808593790e-01,1.613189697265625000e+00,1.544591522216796908e-01,3.423946533203124920e-01,1.618424560546875002e+00,1.441342010498046777e-01,3.063911132812500160e-01,1.626095947265625119e+00,1.029283599853515613e-01,2.809151306152343763e-01,1.629231445312500082e+00
8.945975494384765525e-02,3.492662048339844061e-01,1.613273437499999963e+00,1.544691467285156383e-01,3.424196777343749831e-01,1.618545654296875025e+00,1.441414031982422017e-01,3.064004211425781499e-01,1.626158447265624973e+00,1.029385604858398390e-01,2.809259948730468692e-01,1.629301147460937571e+00
8.946501159667968883e-02,3.492816162109375067e-01,1.613340209960937521e+00,1.544713897705078109e-01,3.424229431152343572e-01,1.618566650390625083e+00,1.441429748535156263e-01,3.064035034179687367e-01,1.626184692382812491e+00,1.029429397583007805e-01,2.809356689453125222e-01,1.629354980468749936e+00
8.946193695068359319e-02,3.492793579101562407e-01,1.613335937500000039e+00,1.544714660644531390e-01,3.424310607910156512e-01,1.618590942382812425e+00,1.441427154541015665e-01,3.064104309082031352e-01,1.626177612304687603e+00,1.029392395019531337e-01,2.809442443847656179e-01,1.629356567382812537e+00
8.946578216552734941e-02,3.492806396484375298e-01,1.613361450195312630e+00,1.544702606201171780e-01,3.424244689941406405e-01,1.618588623046875119e+00,1.441407165527343881e-01,3.064058532714843963e-01,1.626188110351562521e+00,1.029491882324218704e-01,2.809339904785156383e-01,1.629312744140624991e+00
8.946447753906250355e-02,3.492723693847656352e-01,1.613363525390625108e+00,1.544704589843750031e-01,3.424180908203124929e-01,1.618604003906250144e+00,1.441415710449218679e-01,3.064021911621093719e-01,1.626205200195312450e+00,1.029382247924804650e-01,2.809321594238281539e-01,1.629373413085937639e+00
8.946189117431641025e-02,3.492936401367187638e-01,1.613435546875000126e+00,1.544758605957031183e-01,3.424220581054687740e-01,1.618608642578124979e+00,1.441439514160156310e-01,3.064070739746093675e-01,1.626211425781250108e+00,1.029388198852539127e-01,2.809429626464843843e-01,1.629430786132812559e+00
8.946677398681640581e-02,3.492857666015625195e-01,1.613387695312499925e+00,1.544730224609374980e-01,3.424313354492187766e-01,1.618599487304687612e+00,1.441483154296875069e-01,3.064127502441406081e-01,1.626200805664062443e+00,1.029384002685546917e-01,2.809417114257812820e-01,1.629368408203125007e+00
8.946436309814453924e-02,3.492801208496093546e-01,1.613350219726562562e+00,1.544686889648437533e-01,3.424264221191406499e-01,1.618595947265625057e+00,1.441428833007812604e-01,3.064126281738281388e-01,1.626191894531250126e+00,1.029360885620117239e-01,2.809377746582031321e-01,1.629359252929687640e+00
8.946498870849609042e-02,3.492666931152343945e-01,1.613357543945312500e+00,1.544743347167968905e-01,3.424137573242187482e-01,1.618590454101562548e+00,1.441493530273437462e-01,3.063901062011719079e-01,1.626165283203125034e+00,1.029397201538085893e-01,2.809239807128906530e-01,1.629351196289062553e+00
8.946221160888671864e-02,3.492777404785156192e-01,1.613379516601562536e+00,1.544671783447265634e-01,3.424243469238281157e-01,1.618598876953124988e+00,1.441442260742187564e-01,3.064046020507812385e-01,1.626189697265625123e+00,1.029355010986328089e-01,2.809367980957031552e-01,1.629372436523437440e+00
8.946557617187500533e-02,3.492809753417968621e-01,1.613342773437500099e+00,1.544683837890624967e-01,3.424269409179687695e-01,1.618580444335937507e+00,1.441384582519531221e-01,3.064208679199219021e-01,1.626206542968750002e+00,1.029386825561523500e-01,2.809468994140624787e-01,1.629360961914062544e+00
8.946019744873047463e-02,3.492817993164062385e-01,1.613396118164062587e+00,1.544660949707031272e-01,3.424357299804687838e-01,1.618642089843750131e+00,1.441360015869140587e-01,3.064123229980468821e-01,1.626225341796875057e+00,1.029328918457031311e-01,2.809432678222656410e-01,1.629407226562500144e+00
8.946669006347655884e-02,3.492894592285156197e-01,1.613393676757812534e+00,1.544750061035156385e-01,3.424315185546875084e-01,1.618629272460937463e+00,1.441461944580078036e-01,3.064178771972656534e-01,1.626226684570312608e+00,1.029366836547851577e-01,2.809486389160156250e-01,1.629413574218750105e+00
8.946738433837890525e-02,3.492877502441406046e-01,1.613392578125000032e+00,1.544731903076171919e-01,3.424298095703124933e-01,1.618596435546874934e+00,1.441465148925781259e-01,3.064164123535156325e-01,1.626198852539062489e+00,1.029401779174804743e-01,2.809501953124999840e-01,1.629405761718750068e+00
8.946154022216797064e-02,3.492236328125000178e-01,1.613183959960937441e+00,1.544637145996093919e-01,3.423841247558593870e-01,1.618453613281249925e+00,1.441363677978515778e-01,3.063686523437499920e-01,1.626036010742187621e+00,1.029303359985351551e-01,2.808914184570312500e-01,1.629155029296875057e+00
8.946423339843749545e-02,3.492533569335937726e-01,1.613323364257812642e+00,1.544768524169921886e-01,3.424100646972656481e-01,1.618579711914062580e+00,1.441433715820312489e-01,3.063955993652343612e-01,1.626191284179687502e+00,1.029362411499023522e-01,2.809198608398437713e-01,1.629339721679687436e+00
8.946227264404296720e-02,3.492951354980468603e-01,1.613376342773437555e+00,1.544697418212890583e-01,3.424382629394531197e-01,1.618608520507812454e+00,1.441428375244140636e-01,3.064183349609375107e-01,1.626232910156250044e+00,1.029373092651367227e-01,2.809459228515625018e-01,1.629418212890624940e+00
8.946126556396484519e-02,3.492804565429687425e-01,1.613371337890624924e+00,1.544731140136718917e-01,3.424242248535156463e-01,1.618588256835937544e+00,1.441448516845703076e-01,3.064128723144531330e-01,1.626207885742187553e+00,1.029365539550781278e-01,2.809383239746093830e-01,1.629368164062499957e+00
8.946401977539063244e-02,3.492790222167969083e-01,1.613340332031250046e+00,1.544678649902343770e-01,3.424222106933593746e-01,1.618543457031250021e+00,1.441414031982422017e-01,3.064081115722656068e-01,1.626147216796875128e+00,1.029288558959960964e-01,2.809504089355469025e-01,1.629370239257812436e+00
8.945969390869140669e-02,3.492799072265624916e-01,1.613350341796875087e+00,1.544699401855468834e-01,3.424194030761718577e-01,1.618544799804687573e+00,1.441432800292968830e-01,3.064158020019531192e-01,1.626173461914062424e+00,1.029347152709960966e-01,2.809486083984374938e-01,1.629350952148437504e+00
8.946115875244141369e-02,3.492701721191406317e-01,1.613371215820312621e+00,1.544714355468750078e-01,3.424140014648437425e-01,1.618588134765625020e+00,1.441462554931640661e-01,3.063999938964843683e-01,1.626227416992187536e+00,1.029396743774414064e-01,2.809302368164062758e-01,1.629398071289062555e+00
8.946785736083984197e-02,3.492659606933593563e-01,1.613374145507812552e+00,1.544712524414062482e-01,3.424086608886718897e-01,1.618577514648437576e+00,1.441471710205078083e-01,3.064015808105468586e-01,1.626193481445312505e+00,1.029398117065429691e-01,2.809332885742187313e-01,1.629364624023437624e+00
8.946903991699219072e-02,3.492694091796875178e-01,1.613341064453124973e+00,1.544703063964843748e-01,3.424140625000000049e-01,1.618550537109375131e+00,1.441442565917968877e-01,3.063983764648437469e-01,1.626150146484375059e+00,1.029402618408203213e-01,2.809313354492187775e-01,1.629337890625000007e+00
8.946984863281250144e-02,3.492725830078124982e-01,1.613328125000000002e+00,1.544743957519531252e-01,3.424105834960937678e-01,1.618546630859375002e+00,1.441447906494140729e-01,3.063993835449218550e-01,1.626153076171874989e+00,1.029408340454101567e-01,2.809286804199218612e-01,1.629330078124999970e+00
8.946739959716797086e-02,3.492690429687499987e-01,1.613321044921875114e+00,1.544717407226562644e-01,3.424097900390625226e-01,1.618531982421875126e+00,1.441482543945312444e-01,3.064017333984375147e-01,1.626148681640624982e+00,1.029407730102539081e-01,2.809306640625000018e-01,1.629328247070312541e+00
8.946363830566406161e-02,3.492665710449218697e-01,1.613351928710937466e+00,1.544685211181640594e-01,3.424085998535156272e-01,1.618558593749999996e+00,1.441410369873046826e-01,3.063981628417968839e-01,1.626163818359374957e+00,1.029329299926757812e-01,2.809340515136719008e-01,1.629377685546875121e+00
8.946643829345703181e-02,3.492804870605468737e-01,1.613358398437499952e+00,1.544684448242187591e-01,3.424263610839843874e-01,1.618579589843750055e+00,1.441399688720703121e-01,3.064148254394531423e-01,1.626177978515624956e+00,1.029352416992187491e-01,2.809440002441406237e-01,1.629342407226562539e+00
8.945944976806641247e-02,3.492879028320312607e-01,1.613382690429687516e+00,1.544719390869140618e-01,3.424273071289062331e-01,1.618574707031249948e+00,1.441417999267578243e-01,3.064100646972656161e-01,1.626199218750000064e+00,1.029373092651367227e-01,2.809489135742187504e-01,1.629374145507812566e+00
8.946068572998047697e-02,3.492809753417968621e-01,1.613375244140625053e+00,1.544672393798828258e-01,3.424202270507812340e-01,1.618571411132812443e+00,1.441384887695312533e-01,3.064142761230468914e-01,1.626214355468750039e+00,1.029320449829101564e-01,2.809390869140624969e-01,1.629366821289062628e+00
8.946688842773437012e-02,3.492820129394531570e-01,1.613360717773437480e+00,1.544753723144531299e-01,3.424224853515625000e-01,1.618557739257812544e+00,1.441480560302734470e-01,3.064152832031249996e-01,1.626205200195312450e+00,1.029377288818359437e-01,2.809436950683593670e-01,1.629397460937499931e+00
8.946275329589843672e-02,3.492805786132812673e-01,1.613399658203125142e+00,1.544682769775390652e-01,3.424311523437499893e-01,1.618628173828124961e+00,1.441408233642578196e-01,3.064070434570312362e-01,1.626237060546875002e+00,1.029298629760742184e-01,2.809361572265625107e-01,1.629434692382812466e+00
8.946561431884765547e-02,3.492562255859374964e-01,1.613385986328125021e+00,1.544759368896484464e-01,3.424062500000000231e-01,1.618616210937499966e+00,1.441500854492187567e-01,3.063850708007812562e-01,1.626216308593749993e+00,1.029422302246093823e-01,2.809161071777343532e-01,1.629376098632812520e+00
8.946593475341796387e-02,3.492828979492187402e-01,1.613362304687500082e+00,1.544747924804687478e-01,3.424357910156249907e-01,1.618626831054687631e+00,1.441437683105468714e-01,3.064213562011718905e-01,1.626211914062499986e+00,1.029361953735351554e-01,2.809472656249999978e-01,1.629381103515624929e+00
8.947191619873047508e-02,3.492809143066406552e-01,1.613387451171875098e+00,1.544754028320312611e-01,3.424259643554687371e-01,1.618572387695312642e+00,1.441444549560546851e-01,3.064129333496093954e-01,1.626196044921875083e+00,1.029392166137695352e-01,2.809447937011718688e-01,1.629379150390624975e+00
8.946921539306640359e-02,3.492809448242187309e-01,1.613384277343750117e+00,1.544718627929687615e-01,3.424326171875000102e-01,1.618631958007812566e+00,1.441493530273437462e-01,3.064103088378906103e-01,1.626208496093749956e+00,1.029406127929687470e-01,2.809396667480468790e-01,1.629380615234375052e+00
8.946252441406250810e-02,3.492874755859375346e-01,1.613380493164062512e+00,1.544762878417968721e-01,3.424332885742187305e-01,1.618623779296874954e+00,1.441500701904296911e-01,3.064159545898437753e-01,1.626208129882812603e+00,1.029447784423828116e-01,2.809475708007812544e-01,1.629371704101562512e+00
8.946897125244140936e-02,3.492855224609375253e-01,1.613384887695312520e+00,1.544797668457031370e-01,3.424186706542968750e-01,1.618573974609375021e+00,1.441497955322265656e-01,3.064061584472656530e-01,1.626185180664062591e+00,1.029455490112304722e-01,2.809411926269531068e-01,1.629357910156250089e+00
8.947004699707031272e-02,3.492692260742187305e-01,1.613346923828125057e+00,1.544729309082031321e-01,3.424117126464844008e-01,1.618566650390625083e+00,1.441448364257812420e-01,3.064002380371093626e-01,1.626168334960937489e+00,1.029380493164062521e-01,2.809363708496093737e-01,1.629351318359375078e+00
8.946700286865234830e-02,3.492673950195312460e-01,1.613336914062500016e+00,1.544690856933593759e-01,3.424118957519531325e-01,1.618564941406249957e+00,1.441413574218750049e-01,3.063971252441406445e-01,1.626170288085937443e+00,1.029387435913085985e-01,2.809305725097656081e-01,1.629347167968750121e+00
8.946519470214843450e-02,3.492777404785156192e-01,1.613352294921875041e+00,1.544710693359375164e-01,3.424251098632812296e-01,1.618583251953125135e+00,1.441449737548828047e-01,3.064086914062499889e-01,1.626186157226562568e+00,1.029390411376953085e-01,2.809421997070312704e-01,1.629358642578125016e+00
8.946560668945312267e-02,3.492688598632812669e-01,1.613348388671875133e+00,1.544718933105468650e-01,3.424083557128906330e-01,1.618549804687499982e+00,1.441461029052734377e-01,3.063944396972656525e-01,1.626148559570312457e+00,1.029366302490234419e-01,2.809310607910156521e-01,1.629343627929687566e+00
8.946484375000000877e-02,3.492705688476562820e-01,1.613344360351562479e+00,1.544715270996093737e-01,3.424144897460937309e-01,1.618545410156249975e+00,1.441458282470703123e-01,3.064018859863281152e-01,1.626150634765624936e+00,1.029384536743164075e-01,2.809297790527343630e-01,1.629319580078125052e+00
8.946597290039062789e-02,3.492763061523437296e-01,1.613338134765625043e+00,1.544726104736328098e-01,3.424180297851562305e-01,1.618564819335937432e+00,1.441464996337890603e-01,3.064077453613281432e-01,1.626182128906250135e+00,1.029374313354492199e-01,2.809405822753906490e-01,1.629376586914062619e+00
8.946690368652343572e-02,3.492672424316406454e-01,1.613340209960937521e+00,1.544728088378906350e-01,3.424202575683593652e-01,1.618588012695312495e+00,1.441469421386718797e-01,3.064053344726562766e-01,1.626184936523437541e+00,1.029395065307617263e-01,2.809384155273437766e-01,1.629377075195312496e+00
8.946675872802734020e-02,3.492856140136718635e-01,1.613360229492187603e+00,1.544756622314453209e-01,3.424353332519531334e-01,1.618578735351562603e+00,1.441471099853515736e-01,3.064149780273437429e-01,1.626202148437499995e+00,1.029435119628906298e-01,2.809467163085937469e-01,1.629366821289062628e+00
8.946097564697265414e-02,3.492833862304687842e-01,1.613366821289062614e+00,1.544727172851562413e-01,3.424203186035156277e-01,1.618579467773437530e+00,1.441408691406250164e-01,3.064122619628906197e-01,1.626211669921874936e+00,1.029362792968750023e-01,2.809397583007812726e-01,1.629371215820312635e+00
8.947200012207030817e-02,3.492794189453125031e-01,1.613374267578125076e+00,1.544752655029296984e-01,3.424203186035156277e-01,1.618588745117187644e+00,1.441453399658203238e-01,3.064088439941406450e-01,1.626205932617187599e+00,1.029377288818359437e-01,2.809381713867187824e-01,1.629370971679687585e+00
8.946707916259766247e-02,3.492769165039062429e-01,1.613366455078125039e+00,1.544779052734374936e-01,3.424141845703125298e-01,1.618538940429687489e+00,1.441459503173828094e-01,3.064052429199218830e-01,1.626184204101562614e+00,1.029420700073242212e-01,2.809304504394531388e-01,1.629344116210937443e+00
8.945780181884765980e-02,3.492883300781249867e-01,1.613396972656250039e+00,1.544754333496093646e-01,3.424282226562500031e-01,1.618585083007812564e+00,1.441464080810546944e-01,3.064065246582031166e-01,1.626197021484375060e+00,1.029382171630859460e-01,2.809433288574219034e-01,1.629384155273437607e+00
8.946784973144530917e-02,3.492625427246093817e-01,1.613338256835937568e+00,1.544815673828124902e-01,3.424100646972656481e-01,1.618563720703124931e+00,1.441481628417968786e-01,3.063956298828124925e-01,1.626179077148437457e+00,1.029430084228515618e-01,2.809208374023437482e-01,1.629347290039062424e+00
8.946942138671874767e-02,3.492865905761718959e-01,1.613349975585937512e+00,1.544758605957031183e-01,3.424314270019531148e-01,1.618580200195312457e+00,1.441486206054687635e-01,3.064100341796874849e-01,1.626160156250000099e+00,1.029405212402343811e-01,2.809382324218749893e-01,1.629348999023437550e+00
8.947036743164062111e-02,3.492860412597656450e-01,1.613356445312499998e+00,1.544783630371093786e-01,3.424402160644531290e-01,1.618613647460937610e+00,1.441481018066406161e-01,3.064195861816406130e-01,1.626198486328125137e+00,1.029409942626953178e-01,2.809399108886718732e-01,1.629333618164062525e+00
8.946073913574219272e-02,3.492951354980468603e-01,1.613355102539062447e+00,1.544637298583984297e-01,3.424419555664062753e-01,1.618598266601562585e+00,1.441327667236328158e-01,3.064284362792968897e-01,1.626211425781250108e+00,1.029328536987304671e-01,2.809542236328125275e-01,1.629369262695312459e+00
8.946012878417969327e-02,3.492722778320312416e-01,1.613380126953124938e+00,1.544735717773437489e-01,3.424163818359375333e-01,1.618601440429687566e+00,1.441438293457031339e-01,3.063982238769531463e-01,1.626196899414062536e+00,1.029352035522460990e-01,2.809232177734374836e-01,1.629354614257812583e+00
8.946784973144530917e-02,3.492436523437499885e-01,1.613251098632812575e+00,1.544677429199218799e-01,3.423999938964844003e-01,1.618516357421875052e+00,1.441414489746093708e-01,3.063856506347656383e-01,1.626118164062499982e+00,1.029382171630859460e-01,2.809064636230468870e-01,1.629244384765625053e+00
8.946588134765624811e-02,3.492739562988281254e-01,1.613341064453124973e+00,1.544722137451171873e-01,3.424202270507812340e-01,1.618573974609375021e+00,1.441413574218750049e-01,3.063987426757812660e-01,1.626186523437500142e+00,1.029350204467773394e-01,2.809312744140625151e-01,1.629377441406250071e+00
8.947496032714843950e-02,3.492771606445312371e-01,1.613343994140625126e+00,1.544771423339843797e-01,3.424250793457031539e-01,1.618589599609375096e+00,1.441497039794921997e-01,3.064078979492187438e-01,1.626187133789062544e+00,1.029428405761718818e-01,2.809417114257812820e-01,1.629396606445312479e+00
8.946387481689453691e-02,3.492625732421875129e-01,1.613339233398437544e+00,1.544706726074218661e-01,3.424060668945312358e-01,1.618545898437500075e+00,1.441437835693359371e-01,3.063907470703124969e-01,1.626143554687500048e+00,1.029384918212890715e-01,2.809284057617187358e-01,1.629353759765625131e+00
8.947291564941406428e-02,3.492661132812500124e-01,1.613311279296875123e+00,1.544800262451171968e-01,3.424113464355468817e-01,1.618548339843750128e+00,1.441519165039062411e-01,3.063915100097656108e-01,1.626113647460937450e+00,1.029484634399414067e-01,2.809244995117187726e-01,1.629308959960937608e+00
8.946089935302733998e-02,3.492674255371093772e-01,1.613371093750000096e+00,1.544651336669921882e-01,3.424174804687499796e-01,1.618611938476562484e+00,1.441354675292968734e-01,3.063999328613281059e-01,1.626214355468750039e+00,1.029283981323242253e-01,2.809328308105468741e-01,1.629396728515625004e+00
8.946021270751952637e-02,3.492748413085937642e-01,1.613359252929687626e+00,1.544681854248046993e-01,3.424226684570312318e-01,1.618590332031250023e+00,1.441353149414062451e-01,3.064137573242187718e-01,1.626229248046874964e+00,1.029322509765625004e-01,2.809409179687499813e-01,1.629368774414062582e+00
8.946949768066406183e-02,3.492766418457031175e-01,1.613334350585937438e+00,1.544735870361328145e-01,3.424273986816406268e-01,1.618566284179687509e+00,1.441486053466796979e-01,3.064120788574218879e-01,1.626192504882812528e+00,1.029425125122070267e-01,2.809393920898437536e-01,1.629360595703124970e+00
8.947000122070312977e-02,3.492837219238281166e-01,1.613325683593749948e+00,1.544736785888671804e-01,3.424337768554687744e-01,1.618575439453125098e+00,1.441412811279296768e-01,3.064179077148437291e-01,1.626180419921875009e+00,1.029401550292968759e-01,2.809412231445312380e-01,1.629333007812500123e+00
8.946466064453124922e-02,3.492900390625000018e-01,1.613373779296874977e+00,1.544723510742187500e-01,3.424364013671875040e-01,1.618605957031250098e+00,1.441439514160156310e-01,3.064152221679687371e-01,1.626198852539062489e+00,1.029354171752929759e-01,2.809503479003906401e-01,1.629406738281250044e+00
8.946634674072265203e-02,3.492716369628906525e-01,1.613339233398437544e+00,1.544696655273437580e-01,3.424236145019531330e-01,1.618587036132812518e+00,1.441390380859375042e-01,3.064208679199219021e-01,1.626221313476562624e+00,1.029322586059570332e-01,2.809423828125000022e-01,1.629372436523437440e+00
8.946485900878906050e-02,3.492711791992187398e-01,1.613390991210937431e+00,1.544737854003906397e-01,3.424093933105468723e-01,1.618573974609375021e+00,1.441472167968750051e-01,3.063963928222656063e-01,1.626185424804687640e+00,1.029412231445312464e-01,2.809230957031250142e-01,1.629358764648437541e+00
8.946519470214843450e-02,3.492804260253906112e-01,1.613386718749999948e+00,1.544698944091796866e-01,3.424348449707031450e-01,1.618633666992187470e+00,1.441414184570312396e-01,3.064203491210937824e-01,1.626267089843750124e+00,1.029331512451171909e-01,2.809404296874999929e-01,1.629426391601562552e+00
8.946276855468750233e-02,3.492921142578124805e-01,1.613382812500000041e+00,1.544690246582031412e-01,3.424429321289062522e-01,1.618624755859374931e+00,1.441399688720703121e-01,3.064261779785156237e-01,1.626241455078125009e+00,1.029323959350585960e-01,2.809511108398437540e-01,1.629410278320312599e+00
8.946106719970703391e-02,3.492760925292968666e-01,1.613318603515625060e+00,1.544656372070312422e-01,3.424343261718750253e-01,1.618584716796874989e+00,1.441383972167968874e-01,3.064209289550781090e-01,1.626198486328125137e+00,1.029275283813476521e-01,2.809408569335937744e-01,1.629368774414062582e+00
8.946572875976563366e-02,3.492837219238281166e-01,1.613367065429687441e+00,1.544680786132812400e-01,3.424274597167968892e-01,1.618603515625000044e+00,1.441426696777343697e-01,3.064070434570312362e-01,1.626187011718750020e+00,1.029366912841796905e-01,2.809386901855469021e-01,1.629401977539062463e+00
8.946534729003906283e-02,3.493032836914062300e-01,1.613446777343749972e+00,1.544719848632812587e-01,3.424388122558593706e-01,1.618647094726562541e+00,1.441446838378906414e-01,3.064198913574218697e-01,1.626245361328125139e+00,1.029376602172851624e-01,2.809529113769531072e-01,1.629455078125000123e+00
8.946420288085937811e-02,3.492835998535156472e-01,1.613359130859375101e+00,1.544692840576172010e-01,3.424273986816406268e-01,1.618575073242187523e+00,1.441399841308593777e-01,3.064116210937500306e-01,1.626188720703124924e+00,1.029304275512695349e-01,2.809448242187500000e-01,1.629392944335937621e+00
8.947171783447266380e-02,3.492898864746094012e-01,1.613380737304687562e+00,1.544809570312500047e-01,3.424260559082031308e-01,1.618556518554687518e+00,1.441532897949218683e-01,3.064112243652343803e-01,1.626167236328124988e+00,1.029486236572265678e-01,2.809375915527344003e-01,1.629351562500000128e+00
8.945846557617187500e-02,3.492876586914062664e-01,1.613354003906249945e+00,1.544685211181640594e-01,3.424322204589843599e-01,1.618592041015624927e+00,1.441441650390624940e-01,3.063976745605468954e-01,1.626181152343749936e+00,1.029389801025390599e-01,2.809353027343750031e-01,1.629379150390624975e+00
8.946581268310546675e-02,3.492814941406249818e-01,1.613373657226562452e+00,1.544723358154296844e-01,3.424259033203125302e-01,1.618592895507812601e+00,1.441442565917968877e-01,3.064002990722656250e-01,1.626150390625000108e+00,1.029367675781250047e-01,2.809389343261718963e-01,1.629366210937500004e+00
8.946601867675781083e-02,3.492658081054687558e-01,1.613344726562500053e+00,1.544754333496093646e-01,3.424012451171875027e-01,1.618526977539062495e+00,1.441478881835937531e-01,3.063872375488281286e-01,1.626151977539062488e+00,1.029369430541992175e-01,2.809192199707031268e-01,1.629338623046874934e+00
8.946147155761718928e-02,3.492704772949218883e-01,1.613359619140624979e+00,1.544705352783203034e-01,3.424144592285156552e-01,1.618572509765624945e+00,1.441427459716796977e-01,3.064013366699218643e-01,1.626185424804687640e+00,1.029427185058593708e-01,2.809275817871093595e-01,1.629343872070312615e+00
8.946932983398438177e-02,3.492592773437500075e-01,1.613334594726562488e+00,1.544711608886718823e-01,3.424054870605469092e-01,1.618557983398437594e+00,1.441467742919921857e-01,3.063890380859374818e-01,1.626152587890625112e+00,1.029424514770507781e-01,2.809243774414062478e-01,1.629343994140625140e+00
8.946369934082031017e-02,3.492782287597656077e-01,1.613338989257812495e+00,1.544715728759765705e-01,3.424354858398437340e-01,1.618630493164062489e+00,1.441421966552734468e-01,3.064209289550781090e-01,1.626231811523437543e+00,1.029415435791015687e-01,2.809480285644531117e-01,1.629366333007812528e+00
8.946241760253906272e-02,3.492964172363281494e-01,1.613394042968750108e+00,1.544698638916015554e-01,3.424315795898437709e-01,1.618589111328124996e+00,1.441425018310547035e-01,3.064185180664062425e-01,1.626217041015625142e+00,1.029424667358398438e-01,2.809487609863281499e-01,1.629360717773437495e+00
8.946328735351562200e-02,3.492582702636718994e-01,1.613378906250000133e+00,1.544709930419921884e-01,3.424077148437499885e-01,1.618603393554687520e+00,1.441443023681640567e-01,3.063984069824218781e-01,1.626227661132812585e+00,1.029341888427734442e-01,2.809241027832031223e-01,1.629379882812500124e+00
8.947134399414062578e-02,3.492683410644531472e-01,1.613370239257812644e+00,1.544726715087890723e-01,3.424200439453125022e-01,1.618615234374999989e+00,1.441448669433593732e-01,3.064051513671874893e-01,1.626223999023437505e+00,1.029420013427734398e-01,2.809262390136718635e-01,1.629368530273437532e+00
8.946410369873046553e-02,3.492819824218750258e-01,1.613379272460937486e+00,1.544754791259765614e-01,3.424212646484375289e-01,1.618588745117187644e+00,1.441456146240234493e-01,3.064071350097656299e-01,1.626183349609374940e+00,1.029411315917968806e-01,2.809352722167968719e-01,1.629360961914062544e+00
8.946533203124999722e-02,3.492668457031249951e-01,1.613326171875000048e+00,1.544764099121093692e-01,3.424180908203124929e-01,1.618556030273437640e+00,1.441433258056640521e-01,3.064078979492187438e-01,1.626195068359375107e+00,1.029335403442382807e-01,2.809302673339844070e-01,1.629319946289062626e+00
8.947078704833984208e-02,3.492779235839844065e-01,1.613348510742187436e+00,1.544756927490234522e-01,3.424147644042968563e-01,1.618544311523437473e+00,1.441530151367187429e-01,3.064048767089843639e-01,1.626162597656249931e+00,1.029467010498046897e-01,2.809197998046875089e-01,1.629281494140625064e+00
8.946114349365234808e-02,3.492820739746093639e-01,1.613340698242187621e+00,1.544686889648437533e-01,3.424324951171874853e-01,1.618597900390625011e+00,1.441423492431640752e-01,3.064124450683594070e-01,1.626219360351562448e+00,1.029358139038085984e-01,2.809339599609375071e-01,1.629368041992187432e+00
8.945380401611328913e-02,3.492965393066406188e-01,1.613357421874999975e+00,1.544657440185547015e-01,3.424349060058594074e-01,1.618574340820312596e+00,1.441407928466796884e-01,3.064211120605468963e-01,1.626192871093750103e+00,1.029322509765625004e-01,2.809520568847656552e-01,1.629362670898437448e+00
8.947080230712890769e-02,3.492621459960937313e-01,1.613343627929687552e+00,1.544750823974609388e-01,3.424066772460937491e-01,1.618576904296874952e+00,1.441481628417968786e-01,3.063906860351562345e-01,1.626172485351562447e+00,1.029396133422851578e-01,2.809220581054687749e-01,1.629350341796875101e+00
8.946223449707031705e-02,3.492630615234375013e-01,1.613352539062500091e+00,1.544711303710937511e-01,3.424093627929687411e-01,1.618554687500000089e+00,1.441439666748046966e-01,3.063916625976562669e-01,1.626168579101562539e+00,1.029343032836914085e-01,2.809257507324218750e-01,1.629368774414062582e+00
8.945683288574218794e-02,3.492863769531250329e-01,1.613402954101562425e+00,1.544732360839843888e-01,3.424288635253906476e-01,1.618605468749999998e+00,1.441418762207031246e-01,3.064124145507812758e-01,1.626217041015625142e+00,1.029313201904296926e-01,2.809463195800781521e-01,1.629414794921875131e+00
8.946349334716796609e-02,3.492849426269531432e-01,1.613378417968750034e+00,1.544727478027343726e-01,3.424222412109375058e-01,1.618568725585937562e+00,1.441456756591796839e-01,3.064085388183593883e-01,1.626191650390625076e+00,1.029340896606445316e-01,2.809450378417968630e-01,1.629399169921875057e+00
8.946945953369141169e-02,3.492721557617187722e-01,1.613349853515624988e+00,1.544741821289062622e-01,3.424128723144531095e-01,1.618556640625000043e+00,1.441518249511718752e-01,3.063951110839843728e-01,1.626146728515625028e+00,1.029395370483398436e-01,2.809309997558593897e-01,1.629364257812500050e+00
8.946414184570312955e-02,3.492769165039062429e-01,1.613375732421874931e+00,1.544744110107421908e-01,3.424189758300781317e-01,1.618573974609375021e+00,1.441449584960937669e-01,3.064102783203124791e-01,1.626218994140625096e+00,1.029409866333007850e-01,2.809343566894531574e-01,1.629359863281250043e+00
8.946537017822266125e-02,3.492700805664062380e-01,1.613339111328125020e+00,1.544703674316406372e-01,3.424245605468750342e-01,1.618593139648437429e+00,1.441453399658203238e-01,3.064048156738281570e-01,1.626204345703124998e+00,1.029421157836914041e-01,2.809317932128906348e-01,1.629356079101562438e+00
8.946901702880859231e-02,3.492829589843750027e-01,1.613353149414062493e+00,1.544807891845703107e-01,3.424322814941406223e-01,1.618603881835937619e+00,1.441533813476562620e-01,3.064125061035156139e-01,1.626203979492187424e+00,1.029444351196289048e-01,2.809376525878906072e-01,1.629364990234374977e+00
8.946289062499999944e-02,3.492689514160156050e-01,1.613383178710937615e+00,1.544722747802734497e-01,3.424150085449219061e-01,1.618626220703125007e+00,1.441453094482421926e-01,3.064069824218750293e-01,1.626261962890624968e+00,1.029393081665039150e-01,2.809304199218750075e-01,1.629376586914062619e+00
8.945086669921875622e-02,3.492786254882812580e-01,1.613416748046875071e+00,1.544644622802734402e-01,3.424232482910156139e-01,1.618632812500000018e+00,1.441360321044921899e-01,3.064082336425781317e-01,1.626231445312499968e+00,1.029275131225586004e-01,2.809295654296875000e-01,1.629364135742187525e+00
8.946619415283203758e-02,3.493018188476562647e-01,1.613437377929687555e+00,1.544776306152343681e-01,3.424526977539062433e-01,1.618691284179687440e+00,1.441515808105468810e-01,3.064319152832031268e-01,1.626288940429687635e+00,1.029394836425781279e-01,2.809488220214843568e-01,1.629432006835937585e+00
8.945858764648437211e-02,3.492862548828125080e-01,1.613392089843749932e+00,1.544667053222656405e-01,3.424190673828125253e-01,1.618574707031249948e+00,1.441413726806640705e-01,3.064018554687499840e-01,1.626165649414062608e+00,1.029351730346679678e-01,2.809335937499999880e-01,1.629356567382812537e+00
8.945826721191406372e-02,3.492580871582031121e-01,1.613336914062500016e+00,1.544701690673828121e-01,3.424111328125000187e-01,1.618600708007812639e+00,1.441454162597656241e-01,3.063942260742187340e-01,1.626198608398437440e+00,1.029328689575195327e-01,2.809180297851562313e-01,1.629341552734375087e+00
8.946228027343750000e-02,3.492733459472656121e-01,1.613345825195312555e+00,1.544706573486328283e-01,3.424247131347656348e-01,1.618604980468750121e+00,1.441424560546875067e-01,3.064049987792968888e-01,1.626188842773437448e+00,1.029363937377929666e-01,2.809344177246093643e-01,1.629358032226562614e+00
8.946504211425782005e-02,3.492752990722656214e-01,1.613370849609375046e+00,1.544765930175781288e-01,3.424242553710937775e-01,1.618586669921874943e+00,1.441447753906250073e-01,3.064099121093750155e-01,1.626205322265624975e+00,1.029413299560546918e-01,2.809294128417968994e-01,1.629341674804687612e+00
8.946499633789062322e-02,3.492724914550781046e-01,1.613360229492187603e+00,1.544754333496093646e-01,3.424204711914062838e-01,1.618601074218749991e+00,1.441465759277343883e-01,3.063986816406250036e-01,1.626199707031249941e+00,1.029402923583984386e-01,2.809303283691406139e-01,1.629368530273437532e+00
8.946029663085937333e-02,3.492840881347656357e-01,1.613379272460937486e+00,1.544722595214843841e-01,3.424246215820312411e-01,1.618583618164062488e+00,1.441424713134765723e-01,3.064057922363281339e-01,1.626185302734375115e+00,1.029336624145507778e-01,2.809432983398437722e-01,1.629402099609374988e+00
8.945838165283202803e-02,3.492741394042968572e-01,1.613362670898437434e+00,1.544694824218749984e-01,3.424269104003906383e-01,1.618614379882812537e+00,1.441424255371093754e-01,3.064035949707031303e-01,1.626207641601562504e+00,1.029327239990234372e-01,2.809319763183593666e-01,1.629388427734375089e+00
8.946735382080078791e-02,3.492918701171874862e-01,1.613354980468750144e+00,1.544755401611328238e-01,3.424387207031250324e-01,1.618574462890625121e+00,1.441453094482421926e-01,3.064219360351562726e-01,1.626197998046875037e+00,1.029399414062499990e-01,2.809464416503906214e-01,1.629348632812499975e+00
8.947452545166015292e-02,3.492786865234375204e-01,1.613315673828125130e+00,1.544788208007812635e-01,3.424145812988281246e-01,1.618517333984375028e+00,1.441517944335937440e-01,3.064070739746093675e-01,1.626137939453125014e+00,1.029444351196289048e-01,2.809404907226562553e-01,1.629348632812499975e+00
8.946160888671875200e-02,3.492853698730468692e-01,1.613383300781250140e+00,1.544691772460937418e-01,3.424255371093750111e-01,1.618577758789062626e+00,1.441451110839843675e-01,3.064073486328124929e-01,1.626178466796875055e+00,1.029340667724609332e-01,2.809371032714843563e-01,1.629367431640625030e+00
8.946080780029297408e-02,3.492775268554687562e-01,1.613369140625000142e+00,1.544674072265624920e-01,3.424195556640625138e-01,1.618586181640625066e+00,1.441418762207031246e-01,3.064079284667968750e-01,1.626202026367187470e+00,1.029372863769531243e-01,2.809303894042968763e-01,1.629359863281250043e+00
8.945890045166016158e-02,3.492738342285156561e-01,1.613388427734375075e+00,1.544653320312500133e-01,3.424158935546874893e-01,1.618599487304687612e+00,1.441366729736328067e-01,3.064103393554687416e-01,1.626237304687500052e+00,1.029343795776367226e-01,2.809301757812500133e-01,1.629369384765624984e+00
8.946024322509765758e-02,3.493023071289062531e-01,1.613368530273437518e+00,1.544641418457031179e-01,3.424451293945312558e-01,1.618602539062500068e+00,1.441395874023437551e-01,3.064356689453124893e-01,1.626211181640625059e+00,1.029297561645507869e-01,2.809672851562500240e-01,1.629394531250000000e+00
8.946630859375000189e-02,3.492807617187499991e-01,1.613369262695312445e+00,1.544714508056640734e-01,3.424211730957031352e-01,1.618572631835937470e+00,1.441437988281250027e-01,3.064048156738281570e-01,1.626171630859374995e+00,1.029406509399414110e-01,2.809331970214843932e-01,1.629330200195312495e+00
